model_id,structural_system_code,structural_system,source_table,source_row,building_height_m,transverse_effective_width_m,longitudinal_effective_width_m,building_function,seismic_intensity_degree,transverse_period_s,longitudinal_period_s
SW-1,SW,Shear wall,Table S1,1,80,21,32,Residential,6,2.02,1.76
SW-2,SW,Shear wall,Table S1,2,80,25,32,Residential,6,2.47,1.77
SW-3,SW,Shear wall,Table S1,3,80,25,31,Residential,6,1.63,1.57
SW-4,SW,Shear wall,Table S1,4,80,27,35,Residential,6,2.40,1.77
SW-5,SW,Shear wall,Table S1,5,81,20,25,Residential,6,2.33,2.20
SW-6,SW,Shear wall,Table S1,6,81,23,27,Residential,6,2.04,2.01
SW-7,SW,Shear wall,Table S1,7,81,23,24,Residential,6,2.82,2.30
SW-8,SW,Shear wall,Table S1,8,81,18,29,Residential,6,2.06,1.85
SW-9,SW,Shear wall,Table S1,9,81,26,27,Residential,6,2.35,1.77
SW-10,SW,Shear wall,Table S1,10,81,25,26,Residential,6,2.52,1.94
SW-11,SW,Shear wall,Table S1,11,81,17,35,Residential,6,2.13,2.01
SW-12,SW,Shear wall,Table S1,12,82,20,25,Residential,6,2.53,2.07
SW-13,SW,Shear wall,Table S1,13,82,20,24,Residential,6,2.12,1.94
SW-14,SW,Shear wall,Table S1,14,82,24,31,Residential,6,2.65,1.88
SW-15,SW,Shear wall,Table S1,15,82,13,39,Residential,6,2.42,1.85
SW-16,SW,Shear wall,Table S1,16,83,17,33,Residential,6,2.59,1.87
SW-17,SW,Shear wall,Table S1,17,84,26,28,Residential,6,2.67,2.08
SW-18,SW,Shear wall,Table S1,18,84,24,32,Residential,6,2.65,2.17
SW-19,SW,Shear wall,Table S1,19,84,27,25,Residential,6,2.44,2.06
SW-20,SW,Shear wall,Table S1,20,85,27,31,Residential,6,2.85,2.10
SW-21,SW,Shear wall,Table S1,21,85,20,27,Residential,6,2.71,2.31
SW-22,SW,Shear wall,Table S1,22,85,19,38,Residential,6,1.94,1.63
SW-23,SW,Shear wall,Table S1,23,85,24,28,Residential,6,2.72,2.29
SW-24,SW,Shear wall,Table S1,24,85,25,28,Residential,6,2.68,2.19
SW-25,SW,Shear wall,Table S1,25,85,23,26,Residential,6,2.63,2.56
SW-26,SW,Shear wall,Table S1,26,85,15,40,Residential,6,2.69,2.01
SW-27,SW,Shear wall,Table S1,27,85,23,27,Residential,6,2.62,2.30
SW-28,SW,Shear wall,Table S1,28,85,21,28,Residential,6,2.62,2.13
SW-29,SW,Shear wall,Table S1,29,86,14,50,Residential,6,1.85,1.59
SW-30,SW,Shear wall,Table S1,30,86,24,31,Residential,6,2.92,2.19
SW-31,SW,Shear wall,Table S1,31,86,15,45,Residential,6,2.86,2.13
SW-32,SW,Shear wall,Table S1,32,86,26,27,Residential,6,2.66,2.10
SW-33,SW,Shear wall,Table S1,33,87,25,29,Residential,6,2.84,2.26
SW-34,SW,Shear wall,Table S1,34,87,13,29,Residential,6,2.17,1.84
SW-35,SW,Shear wall,Table S1,35,87,22,29,Residential,6,3.05,2.39
SW-36,SW,Shear wall,Table S1,36,87,18,24,Residential,6,2.88,2.58
SW-37,SW,Shear wall,Table S1,37,88,23,30,Residential,6,2.90,2.30
SW-38,SW,Shear wall,Table S1,38,88,25,26,Residential,6,2.92,2.86
SW-39,SW,Shear wall,Table S1,39,88,12,52,Residential,6,2.75,2.36
SW-40,SW,Shear wall,Table S1,40,88,25,34,Residential,6,3.03,2.33
SW-41,SW,Shear wall,Table S1,41,88,22,28,Residential,6,2.97,2.42
SW-42,SW,Shear wall,Table S1,42,89,23,29,Residential,6,2.85,2.27
SW-43,SW,Shear wall,Table S1,43,89,19,33,Residential,6,2.71,2.51
SW-44,SW,Shear wall,Table S1,44,89,22,29,Residential,6,3.01,2.38
SW-45,SW,Shear wall,Table S1,45,90,15,27,Residential,6,2.29,2.10
SW-46,SW,Shear wall,Table S1,46,90,25,32,Residential,6,2.99,2.29
SW-47,SW,Shear wall,Table S1,47,90,15,29,Residential,6,2.71,2.34
SW-48,SW,Shear wall,Table S1,48,90,25,29,Residential,6,2.78,2.38
SW-49,SW,Shear wall,Table S1,49,90,13,31,Residential,6,2.44,2.17
SW-50,SW,Shear wall,Table S1,50,90,12,59,Residential,6,2.53,2.46
SW-51,SW,Shear wall,Table S1,51,90,24,27,Residential,6,2.96,2.42
SW-52,SW,Shear wall,Table S1,52,91,23,29,Residential,6,2.70,2.58
SW-53,SW,Shear wall,Table S1,53,91,25,27,Residential,6,2.95,2.69
SW-54,SW,Shear wall,Table S1,54,91,20,26,Residential,6,2.50,2.46
SW-55,SW,Shear wall,Table S1,55,91,22,29,Residential,6,2.93,2.63
SW-56,SW,Shear wall,Table S1,56,91,24,63,Residential,6,2.54,2.41
SW-57,SW,Shear wall,Table S1,57,91,18,64,Residential,6,2.56,2.45
SW-58,SW,Shear wall,Table S1,58,91,25,26,Residential,6,3.01,2.35
SW-59,SW,Shear wall,Table S1,59,91,25,25,Residential,6,2.86,2.59
SW-60,SW,Shear wall,Table S1,60,92,17,25,Residential,6,3.01,2.88
SW-61,SW,Shear wall,Table S1,61,92,19,26,Residential,6,2.76,2.69
SW-62,SW,Shear wall,Table S1,62,92,23,28,Residential,6,2.80,2.64
SW-63,SW,Shear wall,Table S1,63,93,26,26,Residential,6,2.77,2.72
SW-64,SW,Shear wall,Table S1,64,94,23,28,Residential,6,3.12,2.73
SW-65,SW,Shear wall,Table S1,65,94,21,28,Residential,6,2.87,2.63
SW-66,SW,Shear wall,Table S1,66,94,22,30,Residential,6,3.22,2.55
SW-67,SW,Shear wall,Table S1,67,95,23,30,Residential,6,3.00,2.75
SW-68,SW,Shear wall,Table S1,68,95,12,61,Residential,6,2.70,2.52
SW-69,SW,Shear wall,Table S1,69,96,13,49,Residential,6,2.82,2.56
SW-70,SW,Shear wall,Table S1,70,96,26,34,Residential,6,3.05,2.53
SW-71,SW,Shear wall,Table S1,71,96,24,32,Residential,6,3.23,2.55
SW-72,SW,Shear wall,Table S1,72,96,24,26,Residential,6,3.44,2.66
SW-73,SW,Shear wall,Table S1,73,97,13,32,Residential,6,2.71,2.42
SW-74,SW,Shear wall,Table S1,74,97,21,66,Residential,6,2.73,2.66
SW-75,SW,Shear wall,Table S1,75,98,22,24,Residential,6,2.87,2.54
SW-76,SW,Shear wall,Table S1,76,98,23,29,Residential,6,3.44,2.64
SW-77,SW,Shear wall,Table S1,77,99,18,56,Residential,6,3.09,2.59
SW-78,SW,Shear wall,Table S1,78,100,22,30,Residential,6,3.17,2.64
SW-79,SW,Shear wall,Table S1,79,100,25,27,Residential,6,2.76,2.65
SW-80,SW,Shear wall,Table S1,80,100,17,35,Residential,6,2.97,2.56
SW-81,SW,Shear wall,Table S1,81,101,23,31,Residential,6,3.16,2.56
SW-82,SW,Shear wall,Table S1,82,101,11,35,Residential,6,2.30,2.09
SW-83,SW,Shear wall,Table S1,83,102,25,31,Residential,6,3.12,2.96
SW-84,SW,Shear wall,Table S1,84,102,21,28,Residential,6,2.83,2.78
SW-85,SW,Shear wall,Table S1,85,103,21,26,Residential,6,3.52,3.12
SW-86,SW,Shear wall,Table S1,86,103,25,30,Residential,6,3.15,2.76
SW-87,SW,Shear wall,Table S1,87,104,16,61,Residential,6,2.88,2.54
SW-88,SW,Shear wall,Table S1,88,104,25,30,Residential,6,3.43,2.78
SW-89,SW,Shear wall,Table S1,89,104,22,28,Residential,6,3.04,2.81
SW-90,SW,Shear wall,Table S1,90,105,22,31,Residential,6,3.06,2.89
SW-91,SW,Shear wall,Table S1,91,105,23,29,Residential,6,3.23,2.81
SW-92,SW,Shear wall,Table S1,92,105,23,29,Residential,6,3.27,2.86
SW-93,SW,Shear wall,Table S1,93,106,22,28,Residential,6,2.83,2.79
SW-94,SW,Shear wall,Table S1,94,106,23,28,Residential,6,3.53,3.01
SW-95,SW,Shear wall,Table S1,95,106,26,50,Residential,6,2.08,1.76
SW-96,SW,Shear wall,Table S1,96,107,24,31,Residential,6,3.50,2.80
SW-97,SW,Shear wall,Table S1,97,107,13,49,Residential,6,3.17,2.96
SW-98,SW,Shear wall,Table S1,98,108,24,30,Residential,6,3.26,2.75
SW-99,SW,Shear wall,Table S1,99,109,20,28,Residential,6,3.30,2.92
SW-100,SW,Shear wall,Table S1,100,110,23,39,Residential,6,3.00,2.93
SW-101,SW,Shear wall,Table S1,101,110,19,26,Residential,6,3.11,2.77
SW-102,SW,Shear wall,Table S1,102,110,25,27,Residential,6,2.87,2.58
SW-103,SW,Shear wall,Table S1,103,111,24,32,Residential,6,3.38,2.72
SW-104,SW,Shear wall,Table S1,104,111,23,30,Residential,6,3.52,2.79
SW-105,SW,Shear wall,Table S1,105,111,22,28,Residential,6,3.03,2.91
SW-106,SW,Shear wall,Table S1,106,112,15,35,Residential,6,3.35,3.13
SW-107,SW,Shear wall,Table S1,107,112,17,26,Residential,6,4.03,3.28
SW-108,SW,Shear wall,Table S1,108,113,24,30,Residential,6,3.35,3.18
SW-109,SW,Shear wall,Table S1,109,113,14,41,Residential,6,3.16,2.72
SW-110,SW,Shear wall,Table S1,110,113,23,30,Residential,6,3.71,2.94
SW-111,SW,Shear wall,Table S1,111,114,17,26,Residential,6,3.55,3.03
SW-112,SW,Shear wall,Table S1,112,114,20,27,Residential,6,3.20,3.14
SW-113,SW,Shear wall,Table S1,113,114,26,25,Residential,6,3.41,3.14
SW-114,SW,Shear wall,Table S1,114,114,23,30,Residential,6,3.10,2.77
SW-115,SW,Shear wall,Table S1,115,114,18,38,Residential,6,3.41,2.60
SW-116,SW,Shear wall,Table S1,116,115,21,32,Residential,6,3.54,2.61
SW-117,SW,Shear wall,Table S1,117,115,19,30,Residential,6,2.93,2.83
SW-118,SW,Shear wall,Table S1,118,116,20,24,Residential,6,3.58,3.23
SW-119,SW,Shear wall,Table S1,119,116,20,22,Residential,6,3.44,3.26
SW-120,SW,Shear wall,Table S1,120,116,21,27,Residential,6,3.12,3.06
SW-121,SW,Shear wall,Table S1,121,116,20,22,Residential,6,3.15,2.77
SW-122,SW,Shear wall,Table S1,122,116,20,24,Residential,6,2.83,2.51
SW-123,SW,Shear wall,Table S1,123,116,19,29,Residential,6,3.32,3.06
SW-124,SW,Shear wall,Table S1,124,117,16,28,Residential,6,2.94,2.77
SW-125,SW,Shear wall,Table S1,125,118,26,28,Residential,6,3.56,3.28
SW-126,SW,Shear wall,Table S1,126,119,26,31,Residential,6,3.61,2.97
SW-127,SW,Shear wall,Table S1,127,119,23,28,Residential,6,4.07,3.39
SW-128,SW,Shear wall,Table S1,128,121,22,32,Residential,6,3.84,3.21
SW-129,SW,Shear wall,Table S1,129,121,24,29,Residential,6,3.83,3.03
SW-130,SW,Shear wall,Table S1,130,122,19,25,Residential,6,3.57,3.52
SW-131,SW,Shear wall,Table S1,131,122,21,27,Residential,6,3.99,3.15
SW-132,SW,Shear wall,Table S1,132,123,22,27,Residential,6,3.37,2.80
SW-133,SW,Shear wall,Table S1,133,123,20,27,Residential,6,3.88,3.38
SW-134,SW,Shear wall,Table S1,134,123,25,29,Residential,6,3.62,3.31
SW-135,SW,Shear wall,Table S1,135,124,28,23,Residential,6,3.94,3.38
SW-136,SW,Shear wall,Table S1,136,125,21,26,Residential,6,4.00,3.17
SW-137,SW,Shear wall,Table S1,137,125,21,28,Residential,6,3.99,3.21
SW-138,SW,Shear wall,Table S1,138,125,20,31,Residential,6,3.95,2.92
SW-139,SW,Shear wall,Table S1,139,126,24,29,Residential,6,3.88,3.20
SW-140,SW,Shear wall,Table S1,140,126,25,27,Residential,6,4.06,3.58
SW-141,SW,Shear wall,Table S1,141,126,17,39,Residential,6,3.66,3.06
SW-142,SW,Shear wall,Table S1,142,126,24,27,Residential,6,3.59,3.07
SW-143,SW,Shear wall,Table S1,143,127,16,28,Residential,6,3.44,2.98
SW-144,SW,Shear wall,Table S1,144,127,20,26,Residential,6,3.73,3.53
SW-145,SW,Shear wall,Table S1,145,127,19,25,Residential,6,3.18,3.04
SW-146,SW,Shear wall,Table S1,146,127,24,31,Residential,6,3.69,3.06
SW-147,SW,Shear wall,Table S1,147,128,19,26,Residential,6,3.55,3.47
SW-148,SW,Shear wall,Table S1,148,128,14,25,Residential,6,3.35,3.32
SW-149,SW,Shear wall,Table S1,149,129,27,48,Residential,6,3.90,2.96
SW-150,SW,Shear wall,Table S1,150,130,23,64,Residential,6,3.98,3.26
SW-151,SW,Shear wall,Table S1,151,130,19,29,Residential,6,3.96,3.44
SW-152,SW,Shear wall,Table S1,152,131,15,35,Residential,6,3.20,2.79
SW-153,SW,Shear wall,Table S1,153,131,20,26,Residential,6,4.03,3.23
SW-154,SW,Shear wall,Table S1,154,131,20,33,Residential,6,3.58,3.42
SW-155,SW,Shear wall,Table S1,155,132,23,30,Residential,6,4.03,3.08
SW-156,SW,Shear wall,Table S1,156,133,22,40,Residential,6,3.94,3.02
SW-157,SW,Shear wall,Table S1,157,133,22,26,Residential,6,4.22,3.36
SW-158,SW,Shear wall,Table S1,158,133,20,27,Residential,6,4.12,3.33
SW-159,SW,Shear wall,Table S1,159,133,22,34,Residential,6,4.51,3.78
SW-160,SW,Shear wall,Table S1,160,134,18,26,Residential,6,3.53,3.41
SW-161,SW,Shear wall,Table S1,161,135,15,32,Residential,6,3.34,3.10
SW-162,SW,Shear wall,Table S1,162,136,23,26,Residential,6,4.29,3.20
SW-163,SW,Shear wall,Table S1,163,137,16,55,Residential,6,3.61,3.10
SW-164,SW,Shear wall,Table S1,164,137,23,25,Residential,6,4.02,3.69
SW-165,SW,Shear wall,Table S1,165,137,22,27,Residential,6,4.15,3.76
SW-166,SW,Shear wall,Table S1,166,138,21,47,Residential,6,3.88,3.27
SW-167,SW,Shear wall,Table S1,167,141,21,27,Residential,6,4.14,3.75
SW-168,SW,Shear wall,Table S1,168,141,23,28,Residential,6,4.04,3.42
SW-169,SW,Shear wall,Table S1,169,141,24,28,Residential,6,4.78,4.00
SW-170,SW,Shear wall,Table S1,170,141,18,27,Residential,6,4.30,3.84
SW-171,SW,Shear wall,Table S1,171,142,21,26,Residential,6,4.69,4.15
SW-172,SW,Shear wall,Table S1,172,142,24,25,Residential,6,4.09,3.80
SW-173,SW,Shear wall,Table S1,173,143,24,28,Residential,6,3.97,3.75
SW-174,SW,Shear wall,Table S1,174,143,25,26,Residential,6,4.34,4.05
SW-175,SW,Shear wall,Table S1,175,143,25,26,Residential,6,3.60,3.08
SW-176,SW,Shear wall,Table S1,176,143,17,29,Residential,6,3.97,3.81
SW-177,SW,Shear wall,Table S1,177,143,24,27,Residential,6,4.44,3.40
SW-178,SW,Shear wall,Table S1,178,143,21,54,Residential,6,5.07,4.26
SW-179,SW,Shear wall,Table S1,179,143,26,26,Residential,6,4.19,3.49
SW-180,SW,Shear wall,Table S1,180,144,20,26,Residential,6,4.06,3.82
SW-181,SW,Shear wall,Table S1,181,145,21,47,Residential,6,4.29,3.65
SW-182,SW,Shear wall,Table S1,182,145,25,25,Residential,6,4.22,4.02
SW-183,SW,Shear wall,Table S1,183,146,17,36,Residential,6,3.53,3.16
SW-184,SW,Shear wall,Table S1,184,146,24,38,Residential,6,3.85,3.29
SW-185,SW,Shear wall,Table S1,185,146,17,29,Residential,6,4.00,3.86
SW-186,SW,Shear wall,Table S1,186,147,18,40,Residential,6,3.79,3.26
SW-187,SW,Shear wall,Table S1,187,147,23,66,Residential,6,4.17,3.49
SW-188,SW,Shear wall,Table S1,188,148,18,33,Residential,6,4.29,2.95
SW-189,SW,Shear wall,Table S1,189,148,21,33,Residential,6,4.54,3.87
SW-190,SW,Shear wall,Table S1,190,148,28,24,Residential,6,4.46,4.32
SW-191,SW,Shear wall,Table S1,191,151,17,29,Residential,6,3.86,3.63
SW-192,SW,Shear wall,Table S1,192,153,29,28,Residential,6,3.76,3.74
SW-193,SW,Shear wall,Table S1,193,155,21,28,Residential,6,3.58,3.39
SW-194,SW,Shear wall,Table S1,194,155,23,26,Residential,6,4.60,3.72
SW-195,SW,Shear wall,Table S1,195,158,14,41,Residential,6,4.15,3.82
SW-196,SW,Shear wall,Table S1,196,160,17,45,Residential,6,4.20,3.79
SW-197,SW,Shear wall,Table S1,197,160,17,39,Residential,6,3.80,3.62
SW-198,SW,Shear wall,Table S1,198,161,18,27,Residential,6,4.65,4.11
SW-199,SW,Shear wall,Table S1,199,162,20,44,Residential,6,5.33,4.54
SW-200,SW,Shear wall,Table S1,200,162,29,51,Residential,6,4.56,3.77
SW-201,SW,Shear wall,Table S1,201,163,18,35,Residential,6,4.27,3.77
SW-202,SW,Shear wall,Table S1,202,164,34,35,Residential,6,4.46,3.88
SW-203,SW,Shear wall,Table S1,203,168,16,31,Residential,6,4.35,3.89
SW-204,SW,Shear wall,Table S1,204,171,29,51,Residential,6,4.25,3.63
SW-205,SW,Shear wall,Table S1,205,171,15,30,Residential,6,4.04,4.01
SW-206,SW,Shear wall,Table S1,206,173,30,29,Residential,6,4.21,4.05
SW-207,SW,Shear wall,Table S1,207,174,17,41,Residential,6,3.84,3.13
SW-208,SW,Shear wall,Table S1,208,174,18,30,Residential,6,4.35,4.10
SW-209,SW,Shear wall,Table S1,209,175,19,28,Residential,6,4.58,4.42
SW-210,SW,Shear wall,Table S1,210,176,17,32,Residential,6,4.58,4.49
SW-211,SW,Shear wall,Table S1,211,179,20,27,Residential,6,4.65,4.49
SW-212,SW,Shear wall,Table S1,212,179,17,34,Residential,6,3.86,3.44
SW-213,SW,Shear wall,Table S1,213,182,23,26,Residential,6,4.88,4.51
SW-214,SW,Shear wall,Table S1,214,183,17,56,Residential,6,4.40,3.79
SW-215,SW,Shear wall,Table S1,215,184,16,46,Residential,6,4.44,3.80
SW-216,SW,Shear wall,Table S1,216,188,20,43,Residential,6,5.03,4.19
SW-217,SW,Shear wall,Table S1,217,191,18,63,Residential,6,4.76,4.01
SW-218,SW,Shear wall,Table S1,218,80,20,22,Residential,7,1.83,1.60
SW-219,SW,Shear wall,Table S1,219,80,21,29,Residential,7,1.81,1.66
SW-220,SW,Shear wall,Table S1,220,81,26,25,Residential,7,1.76,1.59
SW-221,SW,Shear wall,Table S1,221,81,27,23,Residential,7,1.87,1.72
SW-222,SW,Shear wall,Table S1,222,81,27,24,Residential,7,1.93,1.63
SW-223,SW,Shear wall,Table S1,223,81,21,35,Residential,7,1.90,1.68
SW-224,SW,Shear wall,Table S1,224,82,28,24,Residential,7,2.14,1.90
SW-225,SW,Shear wall,Table S1,225,82,26,27,Residential,7,2.82,2.37
SW-226,SW,Shear wall,Table S1,226,82,25,28,Residential,7,2.04,1.50
SW-227,SW,Shear wall,Table S1,227,83,25,28,Residential,7,2.09,2.09
SW-228,SW,Shear wall,Table S1,228,83,26,29,Residential,7,1.97,1.81
SW-229,SW,Shear wall,Table S1,229,83,25,26,Residential,7,2.23,1.83
SW-230,SW,Shear wall,Table S1,230,84,24,28,Residential,7,2.29,2.26
SW-231,SW,Shear wall,Table S1,231,84,21,28,Residential,7,2.57,2.55
SW-232,SW,Shear wall,Table S1,232,84,27,24,Residential,7,1.93,1.83
SW-233,SW,Shear wall,Table S1,233,85,19,56,Residential,7,2.37,2.06
SW-234,SW,Shear wall,Table S1,234,85,23,24,Residential,7,1.91,1.48
SW-235,SW,Shear wall,Table S1,235,86,24,33,Residential,7,2.73,2.03
SW-236,SW,Shear wall,Table S1,236,86,22,29,Residential,7,2.36,2.26
SW-237,SW,Shear wall,Table S1,237,86,22,24,Residential,7,1.84,1.51
SW-238,SW,Shear wall,Table S1,238,86,26,29,Residential,7,1.99,1.83
SW-239,SW,Shear wall,Table S1,239,87,15,45,Residential,7,2.15,1.86
SW-240,SW,Shear wall,Table S1,240,87,29,27,Residential,7,2.40,2.27
SW-241,SW,Shear wall,Table S1,241,87,23,27,Residential,7,2.08,2.06
SW-242,SW,Shear wall,Table S1,242,89,22,25,Residential,7,2.10,1.65
SW-243,SW,Shear wall,Table S1,243,89,22,26,Residential,7,2.55,2.06
SW-244,SW,Shear wall,Table S1,244,90,19,40,Residential,7,2.27,1.79
SW-245,SW,Shear wall,Table S1,245,90,21,30,Residential,7,2.38,2.22
SW-246,SW,Shear wall,Table S1,246,90,19,30,Residential,7,2.32,2.03
SW-247,SW,Shear wall,Table S1,247,90,23,26,Residential,7,2.56,2.17
SW-248,SW,Shear wall,Table S1,248,91,16,53,Residential,7,2.12,2.00
SW-249,SW,Shear wall,Table S1,249,91,24,25,Residential,7,2.45,2.29
SW-250,SW,Shear wall,Table S1,250,91,18,29,Residential,7,2.49,2.04
SW-251,SW,Shear wall,Table S1,251,92,17,27,Residential,7,2.48,2.31
SW-252,SW,Shear wall,Table S1,252,92,21,57,Residential,7,2.14,1.63
SW-253,SW,Shear wall,Table S1,253,92,24,25,Residential,7,2.46,2.19
SW-254,SW,Shear wall,Table S1,254,92,16,32,Residential,7,2.56,2.28
SW-255,SW,Shear wall,Table S1,255,92,22,24,Residential,7,3.10,3.09
SW-256,SW,Shear wall,Table S1,256,92,19,27,Residential,7,2.89,2.16
SW-257,SW,Shear wall,Table S1,257,93,22,34,Residential,7,2.36,2.18
SW-258,SW,Shear wall,Table S1,258,93,23,26,Residential,7,2.48,2.20
SW-259,SW,Shear wall,Table S1,259,94,25,45,Residential,7,2.05,1.83
SW-260,SW,Shear wall,Table S1,260,95,20,24,Residential,7,2.48,2.42
SW-261,SW,Shear wall,Table S1,261,95,17,28,Residential,7,3.10,2.64
SW-262,SW,Shear wall,Table S1,262,95,17,69,Residential,7,3.15,3.00
SW-263,SW,Shear wall,Table S1,263,95,15,33,Residential,7,2.39,2.18
SW-264,SW,Shear wall,Table S1,264,96,22,27,Residential,7,2.68,2.37
SW-265,SW,Shear wall,Table S1,265,96,24,25,Residential,7,2.75,2.52
SW-266,SW,Shear wall,Table S1,266,96,24,25,Residential,7,2.37,2.24
SW-267,SW,Shear wall,Table S1,267,96,14,38,Residential,7,2.47,2.21
SW-268,SW,Shear wall,Table S1,268,96,24,27,Residential,7,2.70,2.58
SW-269,SW,Shear wall,Table S1,269,97,23,31,Residential,7,2.61,2.39
SW-270,SW,Shear wall,Table S1,270,97,21,27,Residential,7,2.63,2.21
SW-271,SW,Shear wall,Table S1,271,99,21,29,Residential,7,1.87,1.76
SW-272,SW,Shear wall,Table S1,272,99,24,58,Residential,7,2.50,2.36
SW-273,SW,Shear wall,Table S1,273,99,14,36,Residential,7,2.40,2.03
SW-274,SW,Shear wall,Table S1,274,99,25,35,Residential,7,2.64,1.97
SW-275,SW,Shear wall,Table S1,275,99,21,35,Residential,7,2.90,2.78
SW-276,SW,Shear wall,Table S1,276,100,22,37,Residential,7,2.68,2.35
SW-277,SW,Shear wall,Table S1,277,100,24,35,Residential,7,2.51,1.80
SW-278,SW,Shear wall,Table S1,278,100,10,36,Residential,7,3.03,2.38
SW-279,SW,Shear wall,Table S1,279,100,20,34,Residential,7,2.82,2.05
SW-280,SW,Shear wall,Table S1,280,100,24,27,Residential,7,2.65,2.48
SW-281,SW,Shear wall,Table S1,281,100,21,24,Residential,7,2.47,1.86
SW-282,SW,Shear wall,Table S1,282,100,22,37,Residential,7,2.45,2.03
SW-283,SW,Shear wall,Table S1,283,100,22,36,Residential,7,2.72,2.32
SW-284,SW,Shear wall,Table S1,284,100,26,27,Residential,7,2.32,2.20
SW-285,SW,Shear wall,Table S1,285,101,12,58,Residential,7,2.41,2.01
SW-286,SW,Shear wall,Table S1,286,101,22,27,Residential,7,2.69,2.40
SW-287,SW,Shear wall,Table S1,287,101,22,36,Residential,7,2.73,2.60
SW-288,SW,Shear wall,Table S1,288,101,23,26,Residential,7,2.81,1.84
SW-289,SW,Shear wall,Table S1,289,102,22,38,Residential,7,2.40,1.65
SW-290,SW,Shear wall,Table S1,290,102,15,46,Residential,7,2.40,2.09
SW-291,SW,Shear wall,Table S1,291,102,21,32,Residential,7,2.82,2.68
SW-292,SW,Shear wall,Table S1,292,102,22,29,Residential,7,3.42,2.46
SW-293,SW,Shear wall,Table S1,293,102,13,35,Residential,7,2.56,2.26
SW-294,SW,Shear wall,Table S1,294,103,23,26,Residential,7,2.63,2.34
SW-295,SW,Shear wall,Table S1,295,103,20,49,Residential,7,2.54,1.87
SW-296,SW,Shear wall,Table S1,296,103,22,33,Residential,7,3.44,3.10
SW-297,SW,Shear wall,Table S1,297,103,16,46,Residential,7,2.62,2.45
SW-298,SW,Shear wall,Table S1,298,103,25,27,Residential,7,2.62,2.08
SW-299,SW,Shear wall,Table S1,299,103,13,31,Residential,7,2.22,2.04
SW-300,SW,Shear wall,Table S1,300,103,13,31,Residential,7,2.24,2.08
SW-301,SW,Shear wall,Table S1,301,104,11,51,Residential,7,2.01,1.95
SW-302,SW,Shear wall,Table S1,302,104,22,27,Residential,7,2.77,2.16
SW-303,SW,Shear wall,Table S1,303,104,16,33,Residential,7,2.94,2.80
SW-304,SW,Shear wall,Table S1,304,104,21,28,Residential,7,2.90,2.39
SW-305,SW,Shear wall,Table S1,305,104,19,30,Residential,7,2.74,2.59
SW-306,SW,Shear wall,Table S1,306,104,19,32,Residential,7,2.53,2.44
SW-307,SW,Shear wall,Table S1,307,105,24,25,Residential,7,2.27,2.18
SW-308,SW,Shear wall,Table S1,308,105,22,32,Residential,7,2.39,2.36
SW-309,SW,Shear wall,Table S1,309,105,20,26,Residential,7,2.72,2.25
SW-310,SW,Shear wall,Table S1,310,105,14,31,Residential,7,2.54,1.79
SW-311,SW,Shear wall,Table S1,311,105,21,28,Residential,7,2.72,2.46
SW-312,SW,Shear wall,Table S1,312,105,22,28,Residential,7,3.52,3.02
SW-313,SW,Shear wall,Table S1,313,105,22,29,Residential,7,3.39,2.81
SW-314,SW,Shear wall,Table S1,314,106,12,52,Residential,7,2.80,2.19
SW-315,SW,Shear wall,Table S1,315,106,22,27,Residential,7,2.45,2.07
SW-316,SW,Shear wall,Table S1,316,106,27,27,Residential,7,2.26,2.12
SW-317,SW,Shear wall,Table S1,317,106,24,25,Residential,7,2.34,1.97
SW-318,SW,Shear wall,Table S1,318,106,24,28,Residential,7,2.34,2.15
SW-319,SW,Shear wall,Table S1,319,106,27,26,Residential,7,2.44,2.26
SW-320,SW,Shear wall,Table S1,320,106,23,28,Residential,7,2.45,2.24
SW-321,SW,Shear wall,Table S1,321,107,21,45,Residential,7,2.81,2.65
SW-322,SW,Shear wall,Table S1,322,107,23,51,Residential,7,2.69,2.42
SW-323,SW,Shear wall,Table S1,323,107,22,47,Residential,7,2.77,2.20
SW-324,SW,Shear wall,Table S1,324,107,24,32,Residential,7,3.01,2.51
SW-325,SW,Shear wall,Table S1,325,108,22,26,Residential,7,2.47,2.16
SW-326,SW,Shear wall,Table S1,326,108,23,28,Residential,7,3.43,3.00
SW-327,SW,Shear wall,Table S1,327,108,17,30,Residential,7,2.75,2.67
SW-328,SW,Shear wall,Table S1,328,108,24,25,Residential,7,2.39,2.26
SW-329,SW,Shear wall,Table S1,329,108,25,27,Residential,7,2.61,2.37
SW-330,SW,Shear wall,Table S1,330,109,22,25,Residential,7,2.97,2.55
SW-331,SW,Shear wall,Table S1,331,109,21,27,Residential,7,2.68,2.01
SW-332,SW,Shear wall,Table S1,332,110,21,26,Residential,7,2.57,2.38
SW-333,SW,Shear wall,Table S1,333,110,22,26,Residential,7,2.56,2.23
SW-334,SW,Shear wall,Table S1,334,111,22,23,Residential,7,2.62,2.51
SW-335,SW,Shear wall,Table S1,335,111,27,28,Residential,7,3.39,2.73
SW-336,SW,Shear wall,Table S1,336,111,25,30,Residential,7,2.96,2.56
SW-337,SW,Shear wall,Table S1,337,112,26,28,Residential,7,3.08,2.90
SW-338,SW,Shear wall,Table S1,338,112,19,28,Residential,7,2.73,2.55
SW-339,SW,Shear wall,Table S1,339,112,20,25,Residential,7,2.85,2.30
SW-340,SW,Shear wall,Table S1,340,112,20,30,Residential,7,3.09,2.98
SW-341,SW,Shear wall,Table S1,341,113,23,28,Residential,7,2.97,2.89
SW-342,SW,Shear wall,Table S1,342,113,21,29,Residential,7,3.09,2.59
SW-343,SW,Shear wall,Table S1,343,114,26,31,Residential,7,3.26,3.16
SW-344,SW,Shear wall,Table S1,344,114,21,64,Residential,7,2.20,2.12
SW-345,SW,Shear wall,Table S1,345,115,16,51,Residential,7,2.72,2.45
SW-346,SW,Shear wall,Table S1,346,115,16,37,Residential,7,3.07,2.52
SW-347,SW,Shear wall,Table S1,347,115,18,26,Residential,7,2.42,2.15
SW-348,SW,Shear wall,Table S1,348,115,23,37,Residential,7,2.65,2.60
SW-349,SW,Shear wall,Table S1,349,115,24,26,Residential,7,2.85,2.41
SW-350,SW,Shear wall,Table S1,350,116,25,30,Residential,7,3.00,2.53
SW-351,SW,Shear wall,Table S1,351,116,23,26,Residential,7,3.06,3.03
SW-352,SW,Shear wall,Table S1,352,116,22,56,Residential,7,2.23,2.02
SW-353,SW,Shear wall,Table S1,353,117,23,28,Residential,7,2.43,2.19
SW-354,SW,Shear wall,Table S1,354,117,16,31,Residential,7,2.93,2.26
SW-355,SW,Shear wall,Table S1,355,118,23,27,Residential,7,3.26,3.07
SW-356,SW,Shear wall,Table S1,356,118,24,25,Residential,7,2.80,2.28
SW-357,SW,Shear wall,Table S1,357,118,19,28,Residential,7,3.44,2.69
SW-358,SW,Shear wall,Table S1,358,119,20,27,Residential,7,2.79,2.69
SW-359,SW,Shear wall,Table S1,359,119,23,43,Residential,7,2.78,2.68
SW-360,SW,Shear wall,Table S1,360,119,25,31,Residential,7,3.45,2.99
SW-361,SW,Shear wall,Table S1,361,121,20,38,Residential,7,3.34,2.74
SW-362,SW,Shear wall,Table S1,362,121,23,29,Residential,7,3.26,3.12
SW-363,SW,Shear wall,Table S1,363,121,20,67,Residential,7,3.51,3.02
SW-364,SW,Shear wall,Table S1,364,122,26,29,Residential,7,2.95,2.85
SW-365,SW,Shear wall,Table S1,365,122,20,24,Residential,7,3.45,3.17
SW-366,SW,Shear wall,Table S1,366,122,19,27,Residential,7,3.75,3.18
SW-367,SW,Shear wall,Table S1,367,123,26,30,Residential,7,2.88,2.64
SW-368,SW,Shear wall,Table S1,368,123,22,30,Residential,7,3.20,2.97
SW-369,SW,Shear wall,Table S1,369,124,18,31,Residential,7,3.01,2.71
SW-370,SW,Shear wall,Table S1,370,124,23,28,Residential,7,3.45,3.08
SW-371,SW,Shear wall,Table S1,371,124,24,36,Residential,7,2.88,2.69
SW-372,SW,Shear wall,Table S1,372,124,26,30,Residential,7,3.18,2.81
SW-373,SW,Shear wall,Table S1,373,124,24,27,Residential,7,3.27,3.15
SW-374,SW,Shear wall,Table S1,374,126,16,38,Residential,7,3.99,3.00
SW-375,SW,Shear wall,Table S1,375,126,18,28,Residential,7,4.50,3.80
SW-376,SW,Shear wall,Table S1,376,126,22,30,Residential,7,3.42,2.87
SW-377,SW,Shear wall,Table S1,377,128,21,29,Residential,7,3.74,3.31
SW-378,SW,Shear wall,Table S1,378,128,24,36,Residential,7,2.55,2.52
SW-379,SW,Shear wall,Table S1,379,129,26,34,Residential,7,3.14,2.88
SW-380,SW,Shear wall,Table S1,380,129,13,28,Residential,7,2.67,2.54
SW-381,SW,Shear wall,Table S1,381,129,22,29,Residential,7,3.29,2.88
SW-382,SW,Shear wall,Table S1,382,129,26,30,Residential,7,3.29,2.89
SW-383,SW,Shear wall,Table S1,383,130,21,30,Residential,7,3.94,3.13
SW-384,SW,Shear wall,Table S1,384,130,22,29,Residential,7,3.57,2.77
SW-385,SW,Shear wall,Table S1,385,130,24,29,Residential,7,3.12,2.76
SW-386,SW,Shear wall,Table S1,386,130,27,29,Residential,7,3.83,3.16
SW-387,SW,Shear wall,Table S1,387,131,19,27,Residential,7,3.68,3.24
SW-388,SW,Shear wall,Table S1,388,131,16,29,Residential,7,3.60,3.08
SW-389,SW,Shear wall,Table S1,389,131,22,36,Residential,7,3.56,3.17
SW-390,SW,Shear wall,Table S1,390,132,21,29,Residential,7,2.88,2.56
SW-391,SW,Shear wall,Table S1,391,132,22,24,Residential,7,4.16,3.59
SW-392,SW,Shear wall,Table S1,392,132,20,30,Residential,7,3.72,3.26
SW-393,SW,Shear wall,Table S1,393,132,25,28,Residential,7,3.64,3.46
SW-394,SW,Shear wall,Table S1,394,133,16,31,Residential,7,3.34,2.83
SW-395,SW,Shear wall,Table S1,395,133,23,33,Residential,7,3.72,3.20
SW-396,SW,Shear wall,Table S1,396,133,13,32,Residential,7,3.45,3.29
SW-397,SW,Shear wall,Table S1,397,133,26,29,Residential,7,3.20,3.01
SW-398,SW,Shear wall,Table S1,398,134,19,32,Residential,7,3.42,3.24
SW-399,SW,Shear wall,Table S1,399,134,24,26,Residential,7,3.43,3.14
SW-400,SW,Shear wall,Table S1,400,134,23,27,Residential,7,3.30,2.83
SW-401,SW,Shear wall,Table S1,401,134,25,26,Residential,7,3.14,2.52
SW-402,SW,Shear wall,Table S1,402,134,25,30,Residential,7,3.47,3.06
SW-403,SW,Shear wall,Table S1,403,134,17,61,Residential,7,3.10,2.87
SW-404,SW,Shear wall,Table S1,404,134,19,34,Residential,7,4.08,3.23
SW-405,SW,Shear wall,Table S1,405,135,16,42,Residential,7,2.82,2.40
SW-406,SW,Shear wall,Table S1,406,136,22,26,Residential,7,3.41,2.59
SW-407,SW,Shear wall,Table S1,407,136,28,34,Residential,7,3.93,3.69
SW-408,SW,Shear wall,Table S1,408,136,14,40,Residential,7,3.57,3.24
SW-409,SW,Shear wall,Table S1,409,136,15,29,Residential,7,3.84,2.75
SW-410,SW,Shear wall,Table S1,410,136,23,32,Residential,7,3.79,2.89
SW-411,SW,Shear wall,Table S1,411,137,23,30,Residential,7,3.53,2.94
SW-412,SW,Shear wall,Table S1,412,137,26,25,Residential,7,3.12,2.89
SW-413,SW,Shear wall,Table S1,413,137,26,28,Residential,7,3.67,3.62
SW-414,SW,Shear wall,Table S1,414,137,26,31,Residential,7,3.43,3.17
SW-415,SW,Shear wall,Table S1,415,137,22,27,Residential,7,3.65,3.02
SW-416,SW,Shear wall,Table S1,416,139,22,31,Residential,7,4.30,3.86
SW-417,SW,Shear wall,Table S1,417,140,19,32,Residential,7,3.23,2.83
SW-418,SW,Shear wall,Table S1,418,140,19,31,Residential,7,3.56,3.10
SW-419,SW,Shear wall,Table S1,419,141,20,36,Residential,7,3.43,2.35
SW-420,SW,Shear wall,Table S1,420,141,23,26,Residential,7,3.41,3.12
SW-421,SW,Shear wall,Table S1,421,141,23,28,Residential,7,3.86,3.23
SW-422,SW,Shear wall,Table S1,422,141,24,30,Residential,7,4.25,3.44
SW-423,SW,Shear wall,Table S1,423,141,25,29,Residential,7,3.01,2.36
SW-424,SW,Shear wall,Table S1,424,142,20,31,Residential,7,3.75,3.16
SW-425,SW,Shear wall,Table S1,425,142,21,25,Residential,7,3.04,2.99
SW-426,SW,Shear wall,Table S1,426,142,22,31,Residential,7,4.69,3.50
SW-427,SW,Shear wall,Table S1,427,142,26,28,Residential,7,3.93,2.69
SW-428,SW,Shear wall,Table S1,428,142,30,33,Residential,7,3.97,3.60
SW-429,SW,Shear wall,Table S1,429,142,22,30,Residential,7,3.49,3.01
SW-430,SW,Shear wall,Table S1,430,142,18,35,Residential,7,3.66,3.13
SW-431,SW,Shear wall,Table S1,431,142,21,30,Residential,7,3.34,2.87
SW-432,SW,Shear wall,Table S1,432,143,32,32,Residential,7,3.13,2.87
SW-433,SW,Shear wall,Table S1,433,143,14,29,Residential,7,3.89,3.76
SW-434,SW,Shear wall,Table S1,434,143,23,29,Residential,7,3.90,3.08
SW-435,SW,Shear wall,Table S1,435,143,17,28,Residential,7,3.66,3.41
SW-436,SW,Shear wall,Table S1,436,144,21,23,Residential,7,3.41,3.12
SW-437,SW,Shear wall,Table S1,437,144,24,31,Residential,7,3.77,3.12
SW-438,SW,Shear wall,Table S1,438,144,22,28,Residential,7,3.60,3.19
SW-439,SW,Shear wall,Table S1,439,144,24,32,Residential,7,3.66,3.09
SW-440,SW,Shear wall,Table S1,440,144,12,29,Residential,7,3.58,3.58
SW-441,SW,Shear wall,Table S1,441,144,25,26,Residential,7,3.43,2.88
SW-442,SW,Shear wall,Table S1,442,144,19,31,Residential,7,3.77,3.04
SW-443,SW,Shear wall,Table S1,443,144,22,26,Residential,7,3.35,3.07
SW-444,SW,Shear wall,Table S1,444,145,20,25,Residential,7,3.26,2.98
SW-445,SW,Shear wall,Table S1,445,145,25,27,Residential,7,3.83,3.70
SW-446,SW,Shear wall,Table S1,446,145,22,26,Residential,7,3.00,2.57
SW-447,SW,Shear wall,Table S1,447,145,26,29,Residential,7,3.34,3.12
SW-448,SW,Shear wall,Table S1,448,145,22,26,Residential,7,3.31,3.05
SW-449,SW,Shear wall,Table S1,449,145,23,31,Residential,7,3.63,3.07
SW-450,SW,Shear wall,Table S1,450,145,21,53,Residential,7,4.26,3.38
SW-451,SW,Shear wall,Table S1,451,145,16,36,Residential,7,3.42,2.40
SW-452,SW,Shear wall,Table S1,452,145,24,30,Residential,7,3.71,3.20
SW-453,SW,Shear wall,Table S1,453,145,17,30,Residential,7,3.84,3.37
SW-454,SW,Shear wall,Table S1,454,145,20,32,Residential,7,3.80,3.16
SW-455,SW,Shear wall,Table S1,455,146,26,26,Residential,7,4.07,3.68
SW-456,SW,Shear wall,Table S1,456,146,22,28,Residential,7,3.26,2.92
SW-457,SW,Shear wall,Table S1,457,146,25,31,Residential,7,3.60,3.17
SW-458,SW,Shear wall,Table S1,458,146,18,31,Residential,7,3.89,3.28
SW-459,SW,Shear wall,Table S1,459,146,27,28,Residential,7,3.92,3.29
SW-460,SW,Shear wall,Table S1,460,146,24,28,Residential,7,3.43,2.92
SW-461,SW,Shear wall,Table S1,461,146,21,23,Residential,7,3.36,2.94
SW-462,SW,Shear wall,Table S1,462,146,25,30,Residential,7,4.70,3.34
SW-463,SW,Shear wall,Table S1,463,147,22,30,Residential,7,3.61,2.89
SW-464,SW,Shear wall,Table S1,464,147,22,29,Residential,7,3.77,3.35
SW-465,SW,Shear wall,Table S1,465,147,24,31,Residential,7,3.57,3.08
SW-466,SW,Shear wall,Table S1,466,147,23,30,Residential,7,3.64,3.12
SW-467,SW,Shear wall,Table S1,467,147,26,28,Residential,7,2.87,2.68
SW-468,SW,Shear wall,Table S1,468,147,20,30,Residential,7,4.07,2.86
SW-469,SW,Shear wall,Table S1,469,147,25,29,Residential,7,3.60,3.21
SW-470,SW,Shear wall,Table S1,470,147,19,39,Residential,7,4.88,3.88
SW-471,SW,Shear wall,Table S1,471,148,26,28,Residential,7,3.52,3.45
SW-472,SW,Shear wall,Table S1,472,148,25,29,Residential,7,3.67,2.96
SW-473,SW,Shear wall,Table S1,473,148,28,27,Residential,7,4.12,3.62
SW-474,SW,Shear wall,Table S1,474,148,25,30,Residential,7,4.43,3.37
SW-475,SW,Shear wall,Table S1,475,148,25,28,Residential,7,3.73,3.20
SW-476,SW,Shear wall,Table S1,476,148,23,27,Residential,7,3.70,3.54
SW-477,SW,Shear wall,Table S1,477,148,22,29,Residential,7,3.80,3.14
SW-478,SW,Shear wall,Table S1,478,148,26,32,Residential,7,4.80,4.69
SW-479,SW,Shear wall,Table S1,479,148,28,29,Residential,7,3.60,3.21
SW-480,SW,Shear wall,Table S1,480,148,30,31,Residential,7,3.64,3.54
SW-481,SW,Shear wall,Table S1,481,148,27,29,Residential,7,4.20,3.63
SW-482,SW,Shear wall,Table S1,482,148,13,42,Residential,7,3.79,3.56
SW-483,SW,Shear wall,Table S1,483,148,20,32,Residential,7,3.51,2.98
SW-484,SW,Shear wall,Table S1,484,148,17,25,Residential,7,3.45,3.00
SW-485,SW,Shear wall,Table S1,485,149,21,30,Residential,7,3.61,3.47
SW-486,SW,Shear wall,Table S1,486,149,19,28,Residential,7,3.23,3.19
SW-487,SW,Shear wall,Table S1,487,149,26,29,Residential,7,3.33,3.16
SW-488,SW,Shear wall,Table S1,488,149,13,35,Residential,7,3.73,3.46
SW-489,SW,Shear wall,Table S1,489,149,21,27,Residential,7,2.87,2.75
SW-490,SW,Shear wall,Table S1,490,149,25,27,Residential,7,2.78,2.77
SW-491,SW,Shear wall,Table S1,491,149,24,28,Residential,7,3.38,2.87
SW-492,SW,Shear wall,Table S1,492,149,26,32,Residential,7,3.24,3.07
SW-493,SW,Shear wall,Table S1,493,149,27,29,Residential,7,3.72,3.51
SW-494,SW,Shear wall,Table S1,494,149,25,30,Residential,7,4.33,2.84
SW-495,SW,Shear wall,Table S1,495,149,19,32,Residential,7,3.83,3.41
SW-496,SW,Shear wall,Table S1,496,149,20,34,Residential,7,4.21,3.67
SW-497,SW,Shear wall,Table S1,497,149,19,25,Residential,7,4.30,4.06
SW-498,SW,Shear wall,Table S1,498,150,30,31,Residential,7,4.11,3.70
SW-499,SW,Shear wall,Table S1,499,150,26,29,Residential,7,3.20,2.94
SW-500,SW,Shear wall,Table S1,500,150,23,30,Residential,7,3.54,3.16
SW-501,SW,Shear wall,Table S1,501,150,20,25,Residential,7,3.48,3.01
SW-502,SW,Shear wall,Table S1,502,150,20,28,Residential,7,3.00,2.34
SW-503,SW,Shear wall,Table S1,503,150,29,35,Residential,7,5.08,3.72
SW-504,SW,Shear wall,Table S1,504,150,15,26,Residential,7,3.42,2.95
SW-505,SW,Shear wall,Table S1,505,150,24,30,Residential,7,3.76,3.18
SW-506,SW,Shear wall,Table S1,506,150,26,26,Residential,7,3.54,2.92
SW-507,SW,Shear wall,Table S1,507,150,13,23,Residential,7,3.22,3.08
SW-508,SW,Shear wall,Table S1,508,150,25,30,Residential,7,3.77,3.27
SW-509,SW,Shear wall,Table S1,509,150,20,25,Residential,7,2.94,2.74
SW-510,SW,Shear wall,Table S1,510,150,16,34,Residential,7,3.70,3.29
SW-511,SW,Shear wall,Table S1,511,150,22,28,Residential,7,3.96,3.29
SW-512,SW,Shear wall,Table S1,512,150,22,35,Residential,7,3.92,3.04
SW-513,SW,Shear wall,Table S1,513,151,20,29,Residential,7,3.81,3.28
SW-514,SW,Shear wall,Table S1,514,151,22,25,Residential,7,3.59,3.29
SW-515,SW,Shear wall,Table S1,515,151,21,25,Residential,7,4.10,3.41
SW-516,SW,Shear wall,Table S1,516,151,17,35,Residential,7,3.35,2.93
SW-517,SW,Shear wall,Table S1,517,151,26,30,Residential,7,3.77,3.67
SW-518,SW,Shear wall,Table S1,518,151,23,30,Residential,7,3.71,3.33
SW-519,SW,Shear wall,Table S1,519,151,15,32,Residential,7,3.56,3.05
SW-520,SW,Shear wall,Table S1,520,151,17,62,Residential,7,3.98,3.20
SW-521,SW,Shear wall,Table S1,521,151,19,31,Residential,7,3.96,3.54
SW-522,SW,Shear wall,Table S1,522,151,24,27,Residential,7,3.87,3.39
SW-523,SW,Shear wall,Table S1,523,151,25,31,Residential,7,3.49,3.14
SW-524,SW,Shear wall,Table S1,524,151,16,31,Residential,7,3.40,2.34
SW-525,SW,Shear wall,Table S1,525,151,25,29,Residential,7,3.91,3.36
SW-526,SW,Shear wall,Table S1,526,151,24,29,Residential,7,3.69,3.29
SW-527,SW,Shear wall,Table S1,527,151,24,28,Residential,7,3.42,2.97
SW-528,SW,Shear wall,Table S1,528,151,24,32,Residential,7,3.71,3.25
SW-529,SW,Shear wall,Table S1,529,151,25,32,Residential,7,3.44,2.46
SW-530,SW,Shear wall,Table S1,530,152,18,32,Residential,7,2.90,2.77
SW-531,SW,Shear wall,Table S1,531,152,27,31,Residential,7,3.37,3.11
SW-532,SW,Shear wall,Table S1,532,152,23,25,Residential,7,3.64,3.27
SW-533,SW,Shear wall,Table S1,533,152,20,31,Residential,7,3.40,2.55
SW-534,SW,Shear wall,Table S1,534,152,17,37,Residential,7,3.33,3.30
SW-535,SW,Shear wall,Table S1,535,152,27,28,Residential,7,3.77,3.38
SW-536,SW,Shear wall,Table S1,536,152,28,29,Residential,7,3.52,3.12
SW-537,SW,Shear wall,Table S1,537,152,25,30,Residential,7,3.68,2.74
SW-538,SW,Shear wall,Table S1,538,152,26,27,Residential,7,3.86,3.43
SW-539,SW,Shear wall,Table S1,539,152,23,27,Residential,7,3.86,3.52
SW-540,SW,Shear wall,Table S1,540,153,26,30,Residential,7,3.98,3.18
SW-541,SW,Shear wall,Table S1,541,153,25,28,Residential,7,3.87,3.31
SW-542,SW,Shear wall,Table S1,542,153,22,25,Residential,7,3.11,2.55
SW-543,SW,Shear wall,Table S1,543,153,24,25,Residential,7,3.56,3.21
SW-544,SW,Shear wall,Table S1,544,153,23,30,Residential,7,3.49,3.16
SW-545,SW,Shear wall,Table S1,545,153,26,27,Residential,7,3.32,3.25
SW-546,SW,Shear wall,Table S1,546,153,22,30,Residential,7,3.68,2.62
SW-547,SW,Shear wall,Table S1,547,153,18,31,Residential,7,4.18,3.07
SW-548,SW,Shear wall,Table S1,548,153,23,30,Residential,7,3.85,2.96
SW-549,SW,Shear wall,Table S1,549,153,27,29,Residential,7,3.48,3.15
SW-550,SW,Shear wall,Table S1,550,154,19,32,Residential,7,3.35,2.85
SW-551,SW,Shear wall,Table S1,551,154,22,28,Residential,7,4.04,3.34
SW-552,SW,Shear wall,Table S1,552,154,26,28,Residential,7,3.71,3.65
SW-553,SW,Shear wall,Table S1,553,154,22,31,Residential,7,2.88,2.72
SW-554,SW,Shear wall,Table S1,554,154,23,26,Residential,7,2.96,2.71
SW-555,SW,Shear wall,Table S1,555,155,24,29,Residential,7,3.62,2.84
SW-556,SW,Shear wall,Table S1,556,155,22,24,Residential,7,3.48,2.91
SW-557,SW,Shear wall,Table S1,557,155,25,27,Residential,7,3.28,2.76
SW-558,SW,Shear wall,Table S1,558,155,22,32,Residential,7,3.40,3.00
SW-559,SW,Shear wall,Table S1,559,155,30,31,Residential,7,4.13,3.67
SW-560,SW,Shear wall,Table S1,560,155,26,46,Residential,7,4.29,3.60
SW-561,SW,Shear wall,Table S1,561,156,26,30,Residential,7,4.19,3.83
SW-562,SW,Shear wall,Table S1,562,156,24,30,Residential,7,3.69,3.20
SW-563,SW,Shear wall,Table S1,563,156,14,35,Residential,7,4.43,4.26
SW-564,SW,Shear wall,Table S1,564,156,26,30,Residential,7,3.80,3.36
SW-565,SW,Shear wall,Table S1,565,156,26,29,Residential,7,3.47,3.15
SW-566,SW,Shear wall,Table S1,566,157,28,30,Residential,7,4.24,3.69
SW-567,SW,Shear wall,Table S1,567,157,27,32,Residential,7,3.97,3.63
SW-568,SW,Shear wall,Table S1,568,157,17,32,Residential,7,3.63,2.71
SW-569,SW,Shear wall,Table S1,569,158,23,26,Residential,7,3.07,2.76
SW-570,SW,Shear wall,Table S1,570,158,18,35,Residential,7,3.74,3.18
SW-571,SW,Shear wall,Table S1,571,159,19,35,Residential,7,3.57,3.23
SW-572,SW,Shear wall,Table S1,572,160,12,36,Residential,7,4.43,3.93
SW-573,SW,Shear wall,Table S1,573,160,28,64,Residential,7,4.59,3.76
SW-574,SW,Shear wall,Table S1,574,161,25,32,Residential,7,4.53,3.93
SW-575,SW,Shear wall,Table S1,575,162,23,26,Residential,7,3.75,3.48
SW-576,SW,Shear wall,Table S1,576,164,19,31,Residential,7,3.72,3.01
SW-577,SW,Shear wall,Table S1,577,164,17,34,Residential,7,3.92,3.50
SW-578,SW,Shear wall,Table S1,578,166,30,31,Residential,7,4.03,3.87
SW-579,SW,Shear wall,Table S1,579,166,24,28,Residential,7,3.50,3.21
SW-580,SW,Shear wall,Table S1,580,169,26,32,Residential,7,4.32,3.91
SW-581,SW,Shear wall,Table S1,581,170,27,31,Residential,7,4.35,3.49
SW-582,SW,Shear wall,Table S1,582,171,24,29,Residential,7,4.24,3.69
SW-583,SW,Shear wall,Table S1,583,172,20,65,Residential,7,4.30,4.08
SW-584,SW,Shear wall,Table S1,584,172,18,36,Residential,7,3.41,2.64
SW-585,SW,Shear wall,Table S1,585,173,23,31,Residential,7,4.05,3.65
SW-586,SW,Shear wall,Table S1,586,174,20,38,Residential,7,5.22,4.66
SW-587,SW,Shear wall,Table S1,587,174,20,32,Residential,7,4.08,2.99
SW-588,SW,Shear wall,Table S1,588,175,22,36,Residential,7,4.09,3.44
SW-589,SW,Shear wall,Table S1,589,175,22,34,Residential,7,3.77,3.36
SW-590,SW,Shear wall,Table S1,590,175,26,29,Residential,7,5.47,5.22
SW-591,SW,Shear wall,Table S1,591,176,26,29,Residential,7,5.38,4.91
SW-592,SW,Shear wall,Table S1,592,176,25,30,Residential,7,4.39,3.90
SW-593,SW,Shear wall,Table S1,593,177,28,30,Residential,7,3.25,3.11
SW-594,SW,Shear wall,Table S1,594,177,26,29,Residential,7,4.15,3.81
SW-595,SW,Shear wall,Table S1,595,179,18,36,Residential,7,4.04,3.81
SW-596,SW,Shear wall,Table S1,596,179,18,42,Residential,7,3.56,3.05
SW-597,SW,Shear wall,Table S1,597,180,21,29,Residential,7,4.02,3.89
SW-598,SW,Shear wall,Table S1,598,181,17,44,Residential,7,3.80,3.58
SW-599,SW,Shear wall,Table S1,599,181,22,31,Residential,7,4.24,3.30
SW-600,SW,Shear wall,Table S1,600,183,21,34,Residential,7,3.72,3.66
SW-601,SW,Shear wall,Table S1,601,185,18,35,Residential,7,4.61,3.77
SW-602,SW,Shear wall,Table S1,602,186,23,68,Residential,7,3.67,3.60
SW-603,SW,Shear wall,Table S1,603,188,29,34,Residential,7,4.35,3.43
SW-604,SW,Shear wall,Table S1,604,190,22,33,Residential,7,3.71,3.56
SW-605,SW,Shear wall,Table S1,605,192,25,30,Residential,7,3.59,3.24
SW-606,SW,Shear wall,Table S1,606,192,18,33,Residential,7,4.34,4.17
SW-607,SW,Shear wall,Table S1,607,192,18,36,Residential,7,4.31,3.93
SW-608,SW,Shear wall,Table S1,608,192,21,60,Residential,7,3.54,3.04
SW-609,SW,Shear wall,Table S1,609,199,18,36,Residential,7,4.66,4.11
SW-610,SW,Shear wall,Table S1,610,81,13,30,Residential,8,1.77,1.50
SW-611,SW,Shear wall,Table S1,611,82,18,47,Residential,8,1.68,1.47
SW-612,SW,Shear wall,Table S1,612,82,12,38,Residential,8,1.68,1.58
SW-613,SW,Shear wall,Table S1,613,82,15,36,Residential,8,1.50,1.32
SW-614,SW,Shear wall,Table S1,614,83,12,61,Residential,8,1.81,1.75
SW-615,SW,Shear wall,Table S1,615,83,15,49,Residential,8,1.91,1.61
SW-616,SW,Shear wall,Table S1,616,84,21,25,Residential,8,1.38,1.24
SW-617,SW,Shear wall,Table S1,617,84,12,51,Residential,8,1.91,1.35
SW-618,SW,Shear wall,Table S1,618,84,15,40,Residential,8,1.32,1.23
SW-619,SW,Shear wall,Table S1,619,85,16,44,Residential,8,1.72,1.54
SW-620,SW,Shear wall,Table S1,620,86,19,32,Residential,8,2.09,2.07
SW-621,SW,Shear wall,Table S1,621,88,11,31,Residential,8,2.04,1.50
SW-622,SW,Shear wall,Table S1,622,90,14,52,Residential,8,2.24,1.92
SW-623,SW,Shear wall,Table S1,623,91,14,40,Residential,8,2.11,2.01
SW-624,SW,Shear wall,Table S1,624,94,15,35,Residential,8,2.34,1.87
SW-625,SW,Shear wall,Table S1,625,95,12,31,Residential,8,2.19,1.81
SW-626,SW,Shear wall,Table S1,626,96,19,43,Residential,8,2.13,1.77
SW-627,SW,Shear wall,Table S1,627,97,21,34,Residential,8,2.26,2.05
SW-628,SW,Shear wall,Table S1,628,98,20,37,Residential,8,2.41,2.19
SW-629,SW,Shear wall,Table S1,629,100,29,37,Residential,8,2.08,1.86
SW-630,SW,Shear wall,Table S1,630,101,14,31,Residential,8,2.31,1.77
SW-631,SW,Shear wall,Table S1,631,102,27,29,Residential,8,1.75,1.67
SW-632,SW,Shear wall,Table S1,632,102,12,52,Residential,8,1.86,1.42
SW-633,SW,Shear wall,Table S1,633,102,14,45,Residential,8,3.42,2.43
SW-634,SW,Shear wall,Table S1,634,104,20,67,Residential,8,3.05,2.66
SW-635,SW,Shear wall,Table S1,635,105,14,57,Residential,8,2.11,1.97
SW-636,SW,Shear wall,Table S1,636,105,16,39,Residential,8,1.92,1.86
SW-637,SW,Shear wall,Table S1,637,106,29,38,Residential,8,2.07,1.98
SW-638,SW,Shear wall,Table S1,638,111,18,36,Residential,8,2.47,1.72
SW-639,SW,Shear wall,Table S1,639,112,21,35,Residential,8,2.80,2.45
SW-640,SW,Shear wall,Table S1,640,115,15,31,Residential,8,2.72,2.63
SW-641,SW,Shear wall,Table S1,641,117,18,35,Residential,8,2.71,2.63
SW-642,SW,Shear wall,Table S1,642,118,15,34,Residential,8,2.66,2.52
SW-643,SW,Shear wall,Table S1,643,123,22,30,Residential,8,2.90,2.82
SW-644,SW,Shear wall,Table S1,644,125,14,27,Residential,8,3.22,2.34
SW-645,SW,Shear wall,Table S1,645,125,23,24,Residential,8,3.20,3.17
SW-646,SW,Shear wall,Table S1,646,132,24,25,Residential,8,2.97,2.87
SW-647,SW,Shear wall,Table S1,647,132,23,31,Residential,8,3.05,2.84
SW-648,SW,Shear wall,Table S1,648,137,25,35,Residential,8,3.29,3.10
SW-649,SW,Shear wall,Table S1,649,139,24,29,Residential,8,3.05,2.76
SW-650,SW,Shear wall,Table S1,650,141,28,28,Residential,8,3.94,3.42
SW-651,SW,Shear wall,Table S1,651,142,16,60,Residential,8,2.99,2.68
SW-652,SW,Shear wall,Table S1,652,143,18,28,Residential,8,2.67,2.30
SW-653,SW,Shear wall,Table S1,653,143,16,33,Residential,8,2.69,2.45
SW-654,SW,Shear wall,Table S1,654,143,20,30,Residential,8,2.68,2.41
SW-655,SW,Shear wall,Table S1,655,144,23,34,Residential,8,4.11,2.97
SW-656,SW,Shear wall,Table S1,656,144,25,28,Residential,8,4.55,4.03
SW-657,SW,Shear wall,Table S1,657,144,16,33,Residential,8,3.48,3.42
SW-658,SW,Shear wall,Table S1,658,145,28,31,Residential,8,3.91,3.64
SW-659,SW,Shear wall,Table S1,659,146,25,27,Residential,8,3.35,2.96
SW-660,SW,Shear wall,Table S1,660,146,19,29,Residential,8,2.96,2.52
SW-661,SW,Shear wall,Table S1,661,146,18,29,Residential,8,2.69,2.45
SW-662,SW,Shear wall,Table S1,662,146,19,34,Residential,8,3.87,3.41
SW-663,SW,Shear wall,Table S1,663,147,26,27,Residential,8,3.57,3.06
SW-664,SW,Shear wall,Table S1,664,148,19,32,Residential,8,3.21,2.87
SW-665,SW,Shear wall,Table S1,665,152,25,27,Residential,8,3.83,3.45
SW-666,SW,Shear wall,Table S1,666,80,35,84,Hotel,6,1.74,1.39
SW-667,SW,Shear wall,Table S1,667,84,34,84,Hotel,6,1.80,1.62
SW-668,SW,Shear wall,Table S1,668,100,24,42,Hotel,6,2.33,2.18
SW-669,SW,Shear wall,Table S1,669,104,11,60,Hotel,6,3.70,3.33
SW-670,SW,Shear wall,Table S1,670,110,30,76,Hotel,6,2.66,2.29
SW-671,SW,Shear wall,Table S1,671,113,28,60,Hotel,6,3.44,2.55
SW-672,SW,Shear wall,Table S1,672,113,18,40,Hotel,6,3.74,2.68
SW-673,SW,Shear wall,Table S1,673,115,17,30,Hotel,6,3.86,2.76
SW-674,SW,Shear wall,Table S1,674,118,30,54,Hotel,6,2.64,2.49
SW-675,SW,Shear wall,Table S1,675,119,23,28,Hotel,6,3.82,2.98
SW-676,SW,Shear wall,Table S1,676,126,18,30,Hotel,6,4.10,3.44
SW-677,SW,Shear wall,Table S1,677,129,22,34,Hotel,6,2.31,2.22
SW-678,SW,Shear wall,Table S1,678,131,23,40,Hotel,6,2.38,2.24
SW-679,SW,Shear wall,Table S1,679,134,24,47,Hotel,6,3.44,2.66
SW-680,SW,Shear wall,Table S1,680,139,25,27,Hotel,6,4.29,3.29
SW-681,SW,Shear wall,Table S1,681,140,30,62,Hotel,6,3.17,2.79
SW-682,SW,Shear wall,Table S1,682,144,27,57,Hotel,6,3.35,3.04
SW-683,SW,Shear wall,Table S1,683,146,31,36,Hotel,6,3.68,3.18
SW-684,SW,Shear wall,Table S1,684,150,17,39,Hotel,6,3.13,2.95
SW-685,SW,Shear wall,Table S1,685,152,27,70,Hotel,6,3.62,3.07
SW-686,SW,Shear wall,Table S1,686,154,27,56,Hotel,6,3.07,2.91
SW-687,SW,Shear wall,Table S1,687,155,21,39,Hotel,6,3.87,3.52
SW-688,SW,Shear wall,Table S1,688,160,33,54,Hotel,6,3.63,3.54
SW-689,SW,Shear wall,Table S1,689,161,28,36,Hotel,6,3.85,2.86
SW-690,SW,Shear wall,Table S1,690,163,21,48,Hotel,6,3.40,3.00
SW-691,SW,Shear wall,Table S1,691,165,18,68,Hotel,6,3.18,3.09
SW-692,SW,Shear wall,Table S1,692,165,18,46,Hotel,6,3.03,3.03
SW-693,SW,Shear wall,Table S1,693,168,24,44,Hotel,6,3.99,3.59
SW-694,SW,Shear wall,Table S1,694,170,28,36,Hotel,6,4.00,3.90
SW-695,SW,Shear wall,Table S1,695,172,30,36,Hotel,6,4.24,4.10
SW-696,SW,Shear wall,Table S1,696,174,21,38,Hotel,6,3.66,3.47
SW-697,SW,Shear wall,Table S1,697,188,20,48,Hotel,6,3.78,3.22
SW-698,SW,Shear wall,Table S1,698,192,21,56,Hotel,6,4.22,3.89
SW-699,SW,Shear wall,Table S1,699,192,27,37,Hotel,6,3.76,3.32
SW-700,SW,Shear wall,Table S1,700,199,24,45,Hotel,6,4.63,4.58
SW-701,SW,Shear wall,Table S1,701,80,30,49,Hotel,7,1.79,1.28
SW-702,SW,Shear wall,Table S1,702,80,23,51,Hotel,7,1.81,1.40
SW-703,SW,Shear wall,Table S1,703,81,28,38,Hotel,7,1.94,1.43
SW-704,SW,Shear wall,Table S1,704,81,29,53,Hotel,7,1.96,1.42
SW-705,SW,Shear wall,Table S1,705,81,33,65,Hotel,7,1.75,1.37
SW-706,SW,Shear wall,Table S1,706,84,27,53,Hotel,7,2.10,1.61
SW-707,SW,Shear wall,Table S1,707,84,29,69,Hotel,7,1.96,1.44
SW-708,SW,Shear wall,Table S1,708,91,26,74,Hotel,7,2.09,1.70
SW-709,SW,Shear wall,Table S1,709,92,25,57,Hotel,7,2.57,1.87
SW-710,SW,Shear wall,Table S1,710,97,23,68,Hotel,7,1.94,1.73
SW-711,SW,Shear wall,Table S1,711,99,16,61,Hotel,7,2.21,2.08
SW-712,SW,Shear wall,Table S1,712,99,19,70,Hotel,7,2.37,2.10
SW-713,SW,Shear wall,Table S1,713,99,23,64,Hotel,7,2.37,2.14
SW-714,SW,Shear wall,Table S1,714,99,21,39,Hotel,7,2.65,1.85
SW-715,SW,Shear wall,Table S1,715,100,28,73,Hotel,7,2.36,1.94
SW-716,SW,Shear wall,Table S1,716,102,17,61,Hotel,7,2.41,2.09
SW-717,SW,Shear wall,Table S1,717,103,38,72,Hotel,7,1.93,1.76
SW-718,SW,Shear wall,Table S1,718,104,34,63,Hotel,7,3.72,2.82
SW-719,SW,Shear wall,Table S1,719,105,32,85,Hotel,7,2.20,1.98
SW-720,SW,Shear wall,Table S1,720,106,28,45,Hotel,7,2.28,1.92
SW-721,SW,Shear wall,Table S1,721,108,18,69,Hotel,7,2.71,2.22
SW-722,SW,Shear wall,Table S1,722,109,17,81,Hotel,7,2.47,2.27
SW-723,SW,Shear wall,Table S1,723,111,21,47,Hotel,7,2.67,2.61
SW-724,SW,Shear wall,Table S1,724,114,19,42,Hotel,7,2.44,2.06
SW-725,SW,Shear wall,Table S1,725,117,21,54,Hotel,7,2.44,2.26
SW-726,SW,Shear wall,Table S1,726,118,17,26,Hotel,7,3.82,3.59
SW-727,SW,Shear wall,Table S1,727,120,20,54,Hotel,7,3.07,2.84
SW-728,SW,Shear wall,Table S1,728,121,31,55,Hotel,7,2.62,2.29
SW-729,SW,Shear wall,Table S1,729,128,14,80,Hotel,7,3.51,3.46
SW-730,SW,Shear wall,Table S1,730,131,26,66,Hotel,7,2.29,2.16
SW-731,SW,Shear wall,Table S1,731,132,18,55,Hotel,7,2.41,2.38
SW-732,SW,Shear wall,Table S1,732,133,21,56,Hotel,7,2.72,2.52
SW-733,SW,Shear wall,Table S1,733,136,15,58,Hotel,7,2.94,2.67
SW-734,SW,Shear wall,Table S1,734,137,33,67,Hotel,7,2.75,2.30
SW-735,SW,Shear wall,Table S1,735,139,24,27,Hotel,7,4.31,3.73
SW-736,SW,Shear wall,Table S1,736,142,24,52,Hotel,7,3.47,3.12
SW-737,SW,Shear wall,Table S1,737,144,29,54,Hotel,7,3.43,3.22
SW-738,SW,Shear wall,Table S1,738,145,32,53,Hotel,7,3.79,3.40
SW-739,SW,Shear wall,Table S1,739,146,34,69,Hotel,7,2.76,2.68
SW-740,SW,Shear wall,Table S1,740,149,20,54,Hotel,7,3.36,3.10
SW-741,SW,Shear wall,Table S1,741,150,30,63,Hotel,7,3.08,2.83
SW-742,SW,Shear wall,Table S1,742,151,17,60,Hotel,7,2.71,2.63
SW-743,SW,Shear wall,Table S1,743,151,31,33,Hotel,7,3.16,3.01
SW-744,SW,Shear wall,Table S1,744,151,21,39,Hotel,7,3.22,3.20
SW-745,SW,Shear wall,Table S1,745,152,33,69,Hotel,7,3.27,3.10
SW-746,SW,Shear wall,Table S1,746,153,33,58,Hotel,7,3.46,3.24
SW-747,SW,Shear wall,Table S1,747,153,32,55,Hotel,7,3.20,2.93
SW-748,SW,Shear wall,Table S1,748,153,20,36,Hotel,7,2.87,2.70
SW-749,SW,Shear wall,Table S1,749,154,28,53,Hotel,7,3.65,2.62
SW-750,SW,Shear wall,Table S1,750,154,33,57,Hotel,7,3.27,2.79
SW-751,SW,Shear wall,Table S1,751,154,23,58,Hotel,7,3.84,3.54
SW-752,SW,Shear wall,Table S1,752,155,34,48,Hotel,7,3.17,2.44
SW-753,SW,Shear wall,Table S1,753,155,30,49,Hotel,7,3.82,3.37
SW-754,SW,Shear wall,Table S1,754,155,29,62,Hotel,7,4.49,3.45
SW-755,SW,Shear wall,Table S1,755,155,23,54,Hotel,7,3.61,3.41
SW-756,SW,Shear wall,Table S1,756,155,26,81,Hotel,7,2.92,2.74
SW-757,SW,Shear wall,Table S1,757,156,33,61,Hotel,7,3.12,3.08
SW-758,SW,Shear wall,Table S1,758,157,17,54,Hotel,7,3.94,3.47
SW-759,SW,Shear wall,Table S1,759,157,30,57,Hotel,7,4.35,3.44
SW-760,SW,Shear wall,Table S1,760,157,15,72,Hotel,7,3.58,3.42
SW-761,SW,Shear wall,Table S1,761,157,28,36,Hotel,7,3.52,2.96
SW-762,SW,Shear wall,Table S1,762,158,27,48,Hotel,7,3.44,3.20
SW-763,SW,Shear wall,Table S1,763,158,31,57,Hotel,7,3.59,3.51
SW-764,SW,Shear wall,Table S1,764,159,29,47,Hotel,7,4.06,3.76
SW-765,SW,Shear wall,Table S1,765,159,28,48,Hotel,7,3.64,2.78
SW-766,SW,Shear wall,Table S1,766,160,26,49,Hotel,7,3.04,2.73
SW-767,SW,Shear wall,Table S1,767,160,25,44,Hotel,7,3.35,2.83
SW-768,SW,Shear wall,Table S1,768,160,21,47,Hotel,7,3.99,3.87
SW-769,SW,Shear wall,Table S1,769,163,28,40,Hotel,7,3.77,3.70
SW-770,SW,Shear wall,Table S1,770,164,28,61,Hotel,7,4.01,3.33
SW-771,SW,Shear wall,Table S1,771,164,30,35,Hotel,7,3.54,3.41
SW-772,SW,Shear wall,Table S1,772,165,33,54,Hotel,7,3.33,2.98
SW-773,SW,Shear wall,Table S1,773,165,32,67,Hotel,7,4.40,3.51
SW-774,SW,Shear wall,Table S1,774,166,20,57,Hotel,7,2.94,2.83
SW-775,SW,Shear wall,Table S1,775,167,29,51,Hotel,7,3.83,3.51
SW-776,SW,Shear wall,Table S1,776,167,30,55,Hotel,7,4.04,3.43
SW-777,SW,Shear wall,Table S1,777,167,28,64,Hotel,7,4.07,3.60
SW-778,SW,Shear wall,Table S1,778,169,25,53,Hotel,7,3.33,3.08
SW-779,SW,Shear wall,Table S1,779,170,23,34,Hotel,7,3.68,3.48
SW-780,SW,Shear wall,Table S1,780,171,28,30,Hotel,7,3.63,2.89
SW-781,SW,Shear wall,Table S1,781,171,34,54,Hotel,7,3.75,2.94
SW-782,SW,Shear wall,Table S1,782,172,30,32,Hotel,7,3.20,2.89
SW-783,SW,Shear wall,Table S1,783,173,35,39,Hotel,7,3.67,3.38
SW-784,SW,Shear wall,Table S1,784,173,16,55,Hotel,7,4.71,4.11
SW-785,SW,Shear wall,Table S1,785,173,29,49,Hotel,7,3.82,3.58
SW-786,SW,Shear wall,Table S1,786,173,29,52,Hotel,7,4.04,3.43
SW-787,SW,Shear wall,Table S1,787,174,31,55,Hotel,7,4.34,3.48
SW-788,SW,Shear wall,Table S1,788,174,32,55,Hotel,7,3.55,3.31
SW-789,SW,Shear wall,Table S1,789,175,33,49,Hotel,7,3.71,3.21
SW-790,SW,Shear wall,Table S1,790,176,26,34,Hotel,7,3.07,3.01
SW-791,SW,Shear wall,Table S1,791,177,31,44,Hotel,7,4.02,3.74
SW-792,SW,Shear wall,Table S1,792,178,33,46,Hotel,7,3.62,3.46
SW-793,SW,Shear wall,Table S1,793,179,26,57,Hotel,7,4.35,3.54
SW-794,SW,Shear wall,Table S1,794,179,30,37,Hotel,7,3.67,3.57
SW-795,SW,Shear wall,Table S1,795,180,29,34,Hotel,7,3.70,3.70
SW-796,SW,Shear wall,Table S1,796,181,29,43,Hotel,7,3.60,3.44
SW-797,SW,Shear wall,Table S1,797,181,24,48,Hotel,7,3.30,3.06
SW-798,SW,Shear wall,Table S1,798,182,35,54,Hotel,7,3.55,3.11
SW-799,SW,Shear wall,Table S1,799,182,26,29,Hotel,7,3.62,3.29
SW-800,SW,Shear wall,Table S1,800,183,31,57,Hotel,7,4.00,3.40
SW-801,SW,Shear wall,Table S1,801,185,35,39,Hotel,7,3.79,3.67
SW-802,SW,Shear wall,Table S1,802,192,33,43,Hotel,7,3.67,3.15
SW-803,SW,Shear wall,Table S1,803,192,33,51,Hotel,7,4.17,3.82
SW-804,SW,Shear wall,Table S1,804,193,34,51,Hotel,7,3.88,3.06
SW-805,SW,Shear wall,Table S1,805,195,30,42,Hotel,7,4.21,4.00
SW-806,SW,Shear wall,Table S1,806,195,34,49,Hotel,7,3.89,3.80
SW-807,SW,Shear wall,Table S1,807,196,32,48,Hotel,7,3.93,3.19
SW-808,SW,Shear wall,Table S1,808,199,25,55,Hotel,7,5.11,4.59
SW-809,SW,Shear wall,Table S1,809,199,29,50,Hotel,7,3.49,3.44
SW-810,SW,Shear wall,Table S1,810,80,20,31,Hotel,8,1.86,1.52
SW-811,SW,Shear wall,Table S1,811,80,23,38,Hotel,8,1.90,1.52
SW-812,SW,Shear wall,Table S1,812,81,13,33,Hotel,8,1.87,1.62
SW-813,SW,Shear wall,Table S1,813,100,13,39,Hotel,8,2.53,2.19
SW-814,SW,Shear wall,Table S1,814,113,32,42,Hotel,8,2.75,2.25
SW-815,SW,Shear wall,Table S1,815,81,14,39,Office,7,2.05,2.04
SW-816,SW,Shear wall,Table S1,816,97,22,40,Office,7,2.79,2.50
SW-817,SW,Shear wall,Table S1,817,143,20,56,Office,7,3.98,3.34
SW-818,SW,Shear wall,Table S1,818,153,21,57,Office,7,3.71,3.43
FSW-1,FSW,Frame-shear wall,Table S2,1,103,19,29,Residential,6,3.81,3.19
FSW-2,FSW,Frame-shear wall,Table S2,2,105,26,35,Residential,6,3.31,2.79
FSW-3,FSW,Frame-shear wall,Table S2,3,123,13,31,Residential,6,4.31,3.91
FSW-4,FSW,Frame-shear wall,Table S2,4,126,19,33,Residential,6,3.62,3.58
FSW-5,FSW,Frame-shear wall,Table S2,5,133,19,41,Residential,6,4.70,3.62
FSW-6,FSW,Frame-shear wall,Table S2,6,150,24,28,Residential,6,5.10,4.55
FSW-7,FSW,Frame-shear wall,Table S2,7,174,20,46,Residential,6,4.91,3.99
FSW-8,FSW,Frame-shear wall,Table S2,8,200,19,48,Residential,6,5.18,3.80
FSW-9,FSW,Frame-shear wall,Table S2,9,82,12,41,Residential,7,1.58,1.50
FSW-10,FSW,Frame-shear wall,Table S2,10,85,22,24,Residential,7,1.95,1.56
FSW-11,FSW,Frame-shear wall,Table S2,11,102,24,30,Residential,7,3.35,2.99
FSW-12,FSW,Frame-shear wall,Table S2,12,103,24,26,Residential,7,3.13,2.58
FSW-13,FSW,Frame-shear wall,Table S2,13,103,24,26,Residential,7,3.09,2.56
FSW-14,FSW,Frame-shear wall,Table S2,14,134,26,62,Residential,7,4.37,3.70
FSW-15,FSW,Frame-shear wall,Table S2,15,135,28,44,Residential,7,4.47,3.24
FSW-16,FSW,Frame-shear wall,Table S2,16,139,14,29,Residential,7,3.77,3.69
FSW-17,FSW,Frame-shear wall,Table S2,17,144,25,27,Residential,7,2.84,2.63
FSW-18,FSW,Frame-shear wall,Table S2,18,147,29,33,Residential,7,4.27,4.00
FSW-19,FSW,Frame-shear wall,Table S2,19,148,23,44,Residential,7,3.50,3.44
FSW-20,FSW,Frame-shear wall,Table S2,20,148,18,25,Residential,7,3.82,3.32
FSW-21,FSW,Frame-shear wall,Table S2,21,152,17,43,Residential,7,3.51,3.03
FSW-22,FSW,Frame-shear wall,Table S2,22,155,18,30,Residential,7,3.63,3.59
FSW-23,FSW,Frame-shear wall,Table S2,23,156,13,39,Residential,7,4.24,3.87
FSW-24,FSW,Frame-shear wall,Table S2,24,157,15,39,Residential,7,5.16,4.46
FSW-25,FSW,Frame-shear wall,Table S2,25,158,19,34,Residential,7,3.84,2.76
FSW-26,FSW,Frame-shear wall,Table S2,26,160,24,33,Residential,7,4.09,2.93
FSW-27,FSW,Frame-shear wall,Table S2,27,177,25,51,Residential,7,4.28,4.07
FSW-28,FSW,Frame-shear wall,Table S2,28,184,37,40,Residential,7,4.80,3.84
FSW-29,FSW,Frame-shear wall,Table S2,29,197,22,30,Residential,7,5.40,5.05
FSW-30,FSW,Frame-shear wall,Table S2,30,199,24,28,Residential,7,4.09,3.37
FSW-31,FSW,Frame-shear wall,Table S2,31,82,25,81,Hotel,6,1.93,1.65
FSW-32,FSW,Frame-shear wall,Table S2,32,102,25,67,Hotel,6,2.67,2.60
FSW-33,FSW,Frame-shear wall,Table S2,33,107,29,53,Hotel,6,2.53,2.53
FSW-34,FSW,Frame-shear wall,Table S2,34,109,23,55,Hotel,6,3.25,2.64
FSW-35,FSW,Frame-shear wall,Table S2,35,110,23,49,Hotel,6,2.33,2.03
FSW-36,FSW,Frame-shear wall,Table S2,36,111,29,69,Hotel,6,3.42,2.93
FSW-37,FSW,Frame-shear wall,Table S2,37,115,20,52,Hotel,6,2.34,2.23
FSW-38,FSW,Frame-shear wall,Table S2,38,162,34,57,Hotel,6,4.74,3.98
FSW-39,FSW,Frame-shear wall,Table S2,39,168,25,52,Hotel,6,4.53,3.59
FSW-40,FSW,Frame-shear wall,Table S2,40,199,30,62,Hotel,6,4.84,3.55
FSW-41,FSW,Frame-shear wall,Table S2,41,80,25,88,Hotel,7,2.00,1.74
FSW-42,FSW,Frame-shear wall,Table S2,42,80,27,78,Hotel,7,1.80,1.57
FSW-43,FSW,Frame-shear wall,Table S2,43,81,32,69,Hotel,7,1.89,1.77
FSW-44,FSW,Frame-shear wall,Table S2,44,83,20,79,Hotel,7,1.99,1.72
FSW-45,FSW,Frame-shear wall,Table S2,45,83,15,41,Hotel,7,1.95,1.71
FSW-46,FSW,Frame-shear wall,Table S2,46,83,27,78,Hotel,7,1.75,1.57
FSW-47,FSW,Frame-shear wall,Table S2,47,87,27,48,Hotel,7,2.36,1.73
FSW-48,FSW,Frame-shear wall,Table S2,48,89,25,42,Hotel,7,2.42,1.80
FSW-49,FSW,Frame-shear wall,Table S2,49,90,25,53,Hotel,7,2.18,1.74
FSW-50,FSW,Frame-shear wall,Table S2,50,91,33,51,Hotel,7,1.93,1.90
FSW-51,FSW,Frame-shear wall,Table S2,51,91,15,44,Hotel,7,2.29,1.96
FSW-52,FSW,Frame-shear wall,Table S2,52,92,14,30,Hotel,7,2.34,2.02
FSW-53,FSW,Frame-shear wall,Table S2,53,93,23,86,Hotel,7,1.95,1.82
FSW-54,FSW,Frame-shear wall,Table S2,54,96,26,33,Hotel,7,2.28,1.48
FSW-55,FSW,Frame-shear wall,Table S2,55,96,32,79,Hotel,7,2.00,1.83
FSW-56,FSW,Frame-shear wall,Table S2,56,100,20,58,Hotel,7,2.29,2.20
FSW-57,FSW,Frame-shear wall,Table S2,57,103,14,33,Hotel,7,2.74,2.61
FSW-58,FSW,Frame-shear wall,Table S2,58,108,29,78,Hotel,7,2.19,2.09
FSW-59,FSW,Frame-shear wall,Table S2,59,108,20,39,Hotel,7,2.56,2.05
FSW-60,FSW,Frame-shear wall,Table S2,60,109,29,57,Hotel,7,2.38,2.00
FSW-61,FSW,Frame-shear wall,Table S2,61,110,14,56,Hotel,7,2.58,2.53
FSW-62,FSW,Frame-shear wall,Table S2,62,111,22,41,Hotel,7,2.47,2.19
FSW-63,FSW,Frame-shear wall,Table S2,63,117,24,42,Hotel,7,2.72,2.31
FSW-64,FSW,Frame-shear wall,Table S2,64,119,20,47,Hotel,7,2.94,2.32
FSW-65,FSW,Frame-shear wall,Table S2,65,119,18,55,Hotel,7,2.54,2.35
FSW-66,FSW,Frame-shear wall,Table S2,66,120,21,54,Hotel,7,2.65,2.61
FSW-67,FSW,Frame-shear wall,Table S2,67,124,22,43,Hotel,7,2.91,2.59
FSW-68,FSW,Frame-shear wall,Table S2,68,131,24,57,Hotel,7,2.79,2.44
FSW-69,FSW,Frame-shear wall,Table S2,69,132,20,44,Hotel,7,2.74,2.70
FSW-70,FSW,Frame-shear wall,Table S2,70,134,16,31,Hotel,7,3.48,2.93
FSW-71,FSW,Frame-shear wall,Table S2,71,136,18,50,Hotel,7,3.11,3.03
FSW-72,FSW,Frame-shear wall,Table S2,72,138,20,54,Hotel,7,4.04,3.35
FSW-73,FSW,Frame-shear wall,Table S2,73,138,26,58,Hotel,7,3.84,3.30
FSW-74,FSW,Frame-shear wall,Table S2,74,140,19,64,Hotel,7,2.87,2.58
FSW-75,FSW,Frame-shear wall,Table S2,75,143,31,65,Hotel,7,3.85,3.26
FSW-76,FSW,Frame-shear wall,Table S2,76,146,29,57,Hotel,7,3.68,3.41
FSW-77,FSW,Frame-shear wall,Table S2,77,149,26,58,Hotel,7,4.07,2.64
FSW-78,FSW,Frame-shear wall,Table S2,78,152,26,54,Hotel,7,4.21,2.93
FSW-79,FSW,Frame-shear wall,Table S2,79,156,32,65,Hotel,7,3.65,3.44
FSW-80,FSW,Frame-shear wall,Table S2,80,160,19,43,Hotel,7,4.25,3.72
FSW-81,FSW,Frame-shear wall,Table S2,81,170,33,52,Hotel,7,4.42,3.79
FSW-82,FSW,Frame-shear wall,Table S2,82,174,25,46,Hotel,7,4.42,3.93
FSW-83,FSW,Frame-shear wall,Table S2,83,184,20,69,Hotel,7,4.25,3.90
FSW-84,FSW,Frame-shear wall,Table S2,84,80,21,33,Hotel,8,1.94,1.74
FSW-85,FSW,Frame-shear wall,Table S2,85,81,19,33,Hotel,8,2.06,1.68
FSW-86,FSW,Frame-shear wall,Table S2,86,93,27,40,Office,6,2.16,1.94
FSW-87,FSW,Frame-shear wall,Table S2,87,97,18,70,Office,6,2.15,1.88
FSW-88,FSW,Frame-shear wall,Table S2,88,104,20,72,Office,6,2.58,2.01
FSW-89,FSW,Frame-shear wall,Table S2,89,112,22,61,Office,6,2.54,2.36
FSW-90,FSW,Frame-shear wall,Table S2,90,113,21,64,Office,6,2.59,2.02
FSW-91,FSW,Frame-shear wall,Table S2,91,116,18,71,Office,6,2.61,1.96
FSW-92,FSW,Frame-shear wall,Table S2,92,118,43,52,Office,6,2.76,2.76
FSW-93,FSW,Frame-shear wall,Table S2,93,118,17,64,Office,6,2.53,1.86
FSW-94,FSW,Frame-shear wall,Table S2,94,121,46,56,Office,6,2.84,2.81
FSW-95,FSW,Frame-shear wall,Table S2,95,126,17,67,Office,6,2.52,2.14
FSW-96,FSW,Frame-shear wall,Table S2,96,127,21,58,Office,6,3.28,2.85
FSW-97,FSW,Frame-shear wall,Table S2,97,127,48,51,Office,6,3.02,2.94
FSW-98,FSW,Frame-shear wall,Table S2,98,128,25,68,Office,6,3.64,3.21
FSW-99,FSW,Frame-shear wall,Table S2,99,130,21,34,Office,6,3.78,2.68
FSW-100,FSW,Frame-shear wall,Table S2,100,131,18,62,Office,6,2.76,2.11
FSW-101,FSW,Frame-shear wall,Table S2,101,132,24,43,Office,6,3.81,3.08
FSW-102,FSW,Frame-shear wall,Table S2,102,136,22,70,Office,6,3.11,2.40
FSW-103,FSW,Frame-shear wall,Table S2,103,137,45,52,Office,6,3.21,3.21
FSW-104,FSW,Frame-shear wall,Table S2,104,147,18,51,Office,6,3.44,3.28
FSW-105,FSW,Frame-shear wall,Table S2,105,160,26,70,Office,6,3.66,3.22
FSW-106,FSW,Frame-shear wall,Table S2,106,168,22,68,Office,6,4.32,3.32
FSW-107,FSW,Frame-shear wall,Table S2,107,169,22,57,Office,6,4.37,3.27
FSW-108,FSW,Frame-shear wall,Table S2,108,82,21,65,Office,7,1.71,1.43
FSW-109,FSW,Frame-shear wall,Table S2,109,83,24,51,Office,7,2.16,2.05
FSW-110,FSW,Frame-shear wall,Table S2,110,83,23,59,Office,7,1.69,1.41
FSW-111,FSW,Frame-shear wall,Table S2,111,85,21,36,Office,7,2.20,1.91
FSW-112,FSW,Frame-shear wall,Table S2,112,86,18,44,Office,7,1.96,1.62
FSW-113,FSW,Frame-shear wall,Table S2,113,88,26,44,Office,7,2.05,2.02
FSW-114,FSW,Frame-shear wall,Table S2,114,88,20,47,Office,7,1.93,1.71
FSW-115,FSW,Frame-shear wall,Table S2,115,90,20,48,Office,7,2.14,1.79
FSW-116,FSW,Frame-shear wall,Table S2,116,92,17,33,Office,7,2.23,1.88
FSW-117,FSW,Frame-shear wall,Table S2,117,95,21,36,Office,7,2.33,2.07
FSW-118,FSW,Frame-shear wall,Table S2,118,97,22,46,Office,7,2.23,2.06
FSW-119,FSW,Frame-shear wall,Table S2,119,99,32,54,Office,7,2.42,2.01
FSW-120,FSW,Frame-shear wall,Table S2,120,100,23,48,Office,7,2.61,2.21
FSW-121,FSW,Frame-shear wall,Table S2,121,103,34,73,Office,7,2.71,2.40
FSW-122,FSW,Frame-shear wall,Table S2,122,104,22,36,Office,7,2.69,2.37
FSW-123,FSW,Frame-shear wall,Table S2,123,104,21,35,Office,7,2.66,2.28
FSW-124,FSW,Frame-shear wall,Table S2,124,106,22,52,Office,7,3.08,2.36
FSW-125,FSW,Frame-shear wall,Table S2,125,107,22,61,Office,7,2.37,2.00
FSW-126,FSW,Frame-shear wall,Table S2,126,111,27,64,Office,7,2.72,2.22
FSW-127,FSW,Frame-shear wall,Table S2,127,113,22,40,Office,7,3.07,2.67
FSW-128,FSW,Frame-shear wall,Table S2,128,125,25,41,Office,7,3.18,2.78
FSW-129,FSW,Frame-shear wall,Table S2,129,125,21,54,Office,7,3.46,2.67
FSW-130,FSW,Frame-shear wall,Table S2,130,126,21,44,Office,7,3.08,2.56
FSW-131,FSW,Frame-shear wall,Table S2,131,128,26,66,Office,7,4.06,2.89
FSW-132,FSW,Frame-shear wall,Table S2,132,129,21,35,Office,7,3.04,2.52
FSW-133,FSW,Frame-shear wall,Table S2,133,130,23,40,Office,7,3.29,2.97
FSW-134,FSW,Frame-shear wall,Table S2,134,131,26,38,Office,7,3.61,3.03
FSW-135,FSW,Frame-shear wall,Table S2,135,131,31,71,Office,7,2.47,2.46
FSW-136,FSW,Frame-shear wall,Table S2,136,134,22,69,Office,7,3.76,2.50
FSW-137,FSW,Frame-shear wall,Table S2,137,135,31,40,Office,7,2.36,2.25
FSW-138,FSW,Frame-shear wall,Table S2,138,137,22,43,Office,7,3.49,3.26
FSW-139,FSW,Frame-shear wall,Table S2,139,137,30,37,Office,7,3.41,2.79
FSW-140,FSW,Frame-shear wall,Table S2,140,137,29,51,Office,7,3.96,3.67
FSW-141,FSW,Frame-shear wall,Table S2,141,139,21,38,Office,7,3.63,3.20
FSW-142,FSW,Frame-shear wall,Table S2,142,139,24,49,Office,7,4.23,3.40
FSW-143,FSW,Frame-shear wall,Table S2,143,143,23,30,Office,7,3.95,3.25
FSW-144,FSW,Frame-shear wall,Table S2,144,143,37,43,Office,7,3.74,2.92
FSW-145,FSW,Frame-shear wall,Table S2,145,144,22,33,Office,7,3.66,3.09
FSW-146,FSW,Frame-shear wall,Table S2,146,147,25,62,Office,7,4.03,3.13
FSW-147,FSW,Frame-shear wall,Table S2,147,147,29,38,Office,7,4.02,3.62
FSW-148,FSW,Frame-shear wall,Table S2,148,152,23,36,Office,7,3.31,2.99
FSW-149,FSW,Frame-shear wall,Table S2,149,153,27,37,Office,7,3.99,3.17
FSW-150,FSW,Frame-shear wall,Table S2,150,153,24,48,Office,7,4.03,2.32
FSW-151,FSW,Frame-shear wall,Table S2,151,154,35,53,Office,7,3.45,3.22
FSW-152,FSW,Frame-shear wall,Table S2,152,154,25,63,Office,7,3.78,2.99
FSW-153,FSW,Frame-shear wall,Table S2,153,154,24,36,Office,7,3.61,2.80
FSW-154,FSW,Frame-shear wall,Table S2,154,155,34,39,Office,7,4.00,3.98
FSW-155,FSW,Frame-shear wall,Table S2,155,159,27,31,Office,7,4.11,3.71
FSW-156,FSW,Frame-shear wall,Table S2,156,159,32,34,Office,7,4.37,3.88
FSW-157,FSW,Frame-shear wall,Table S2,157,162,31,33,Office,7,4.13,3.75
FSW-158,FSW,Frame-shear wall,Table S2,158,162,24,61,Office,7,4.29,3.61
FSW-159,FSW,Frame-shear wall,Table S2,159,163,25,58,Office,7,3.77,3.17
FSW-160,FSW,Frame-shear wall,Table S2,160,172,30,55,Office,7,4.71,3.96
FSW-161,FSW,Frame-shear wall,Table S2,161,173,22,67,Office,7,4.28,3.27
FSW-162,FSW,Frame-shear wall,Table S2,162,174,21,51,Office,7,5.00,3.65
FSW-163,FSW,Frame-shear wall,Table S2,163,179,23,59,Office,7,4.44,2.51
FSW-164,FSW,Frame-shear wall,Table S2,164,180,49,49,Office,7,4.42,4.26
FSW-165,FSW,Frame-shear wall,Table S2,165,181,24,32,Office,7,4.23,3.45
FSW-166,FSW,Frame-shear wall,Table S2,166,188,40,48,Office,7,4.08,3.78
FSW-167,FSW,Frame-shear wall,Table S2,167,189,20,43,Office,7,5.11,4.12
FSW-168,FSW,Frame-shear wall,Table S2,168,189,22,58,Office,7,4.62,3.99
FSW-169,FSW,Frame-shear wall,Table S2,169,193,20,68,Office,7,4.01,3.95
FSW-170,FSW,Frame-shear wall,Table S2,170,193,21,62,Office,7,4.38,3.55
FSW-171,FSW,Frame-shear wall,Table S2,171,197,29,55,Office,7,4.71,4.07
FSW-172,FSW,Frame-shear wall,Table S2,172,92,20,40,Office,8,1.94,1.60
FSW-173,FSW,Frame-shear wall,Table S2,173,128,33,47,Office,8,2.62,2.60
FSW-174,FSW,Frame-shear wall,Table S2,174,140,28,44,Office,8,3.10,3.00
FSW-175,FSW,Frame-shear wall,Table S2,175,150,31,39,Office,8,2.60,2.52
FSW-176,FSW,Frame-shear wall,Table S2,176,151,21,39,Office,8,3.73,3.55
FSW-177,FSW,Frame-shear wall,Table S2,177,156,47,52,Office,8,2.63,2.62
FSW-178,FSW,Frame-shear wall,Table S2,178,168,41,63,Office,8,3.25,3.21
FSW-179,FSW,Frame-shear wall,Table S2,179,171,44,45,Office,8,2.93,2.88
FSW-180,FSW,Frame-shear wall,Table S2,180,172,37,46,Office,8,3.10,3.00
FSW-181,FSW,Frame-shear wall,Table S2,181,172,36,66,Office,8,3.41,3.25
FT-1,FT,Frame-tube,Table S3,1,102,24,51,Hotel,6,2.32,1.72
FT-2,FT,Frame-tube,Table S3,2,122,25,38,Hotel,6,3.20,2.46
FT-3,FT,Frame-tube,Table S3,3,144,26,57,Hotel,6,3.25,3.09
FT-4,FT,Frame-tube,Table S3,4,153,25,49,Hotel,6,4.35,3.53
FT-5,FT,Frame-tube,Table S3,5,169,27,55,Hotel,6,4.51,3.54
FT-6,FT,Frame-tube,Table S3,6,196,31,40,Hotel,6,5.17,4.53
FT-7,FT,Frame-tube,Table S3,7,157,32,54,Hotel,7,3.71,3.69
FT-8,FT,Frame-tube,Table S3,8,159,26,53,Hotel,7,5.28,3.27
FT-9,FT,Frame-tube,Table S3,9,165,29,63,Hotel,7,4.45,2.73
FT-10,FT,Frame-tube,Table S3,10,167,32,39,Hotel,7,4.63,3.89
FT-11,FT,Frame-tube,Table S3,11,103,31,35,Hotel,8,1.85,1.84
FT-12,FT,Frame-tube,Table S3,12,110,32,43,Hotel,8,2.19,1.88
FT-13,FT,Frame-tube,Table S3,13,88,43,54,Office,6,1.74,1.57
FT-14,FT,Frame-tube,Table S3,14,89,42,48,Office,6,2.02,1.88
FT-15,FT,Frame-tube,Table S3,15,90,17,61,Office,6,1.84,1.58
FT-16,FT,Frame-tube,Table S3,16,91,47,50,Office,6,1.99,1.97
FT-17,FT,Frame-tube,Table S3,17,92,17,41,Office,6,2.57,2.03
FT-18,FT,Frame-tube,Table S3,18,93,39,49,Office,6,2.05,1.90
FT-19,FT,Frame-tube,Table S3,19,106,32,73,Office,6,3.05,2.43
FT-20,FT,Frame-tube,Table S3,20,115,17,70,Office,6,2.82,1.95
FT-21,FT,Frame-tube,Table S3,21,115,36,47,Office,6,2.52,2.42
FT-22,FT,Frame-tube,Table S3,22,123,34,54,Office,6,3.43,3.06
FT-23,FT,Frame-tube,Table S3,23,123,16,58,Office,6,3.32,2.15
FT-24,FT,Frame-tube,Table S3,24,127,41,48,Office,6,2.94,2.54
FT-25,FT,Frame-tube,Table S3,25,130,20,66,Office,6,3.20,2.22
FT-26,FT,Frame-tube,Table S3,26,130,39,59,Office,6,2.83,2.66
FT-27,FT,Frame-tube,Table S3,27,131,30,56,Office,6,3.47,2.88
FT-28,FT,Frame-tube,Table S3,28,131,42,49,Office,6,3.05,2.49
FT-29,FT,Frame-tube,Table S3,29,133,38,58,Office,6,3.73,3.24
FT-30,FT,Frame-tube,Table S3,30,134,30,38,Office,6,3.85,3.18
FT-31,FT,Frame-tube,Table S3,31,135,38,57,Office,6,3.13,2.53
FT-32,FT,Frame-tube,Table S3,32,135,37,54,Office,6,3.15,2.70
FT-33,FT,Frame-tube,Table S3,33,136,46,47,Office,6,3.22,2.71
FT-34,FT,Frame-tube,Table S3,34,141,43,55,Office,6,3.24,2.71
FT-35,FT,Frame-tube,Table S3,35,142,24,32,Office,6,3.78,2.97
FT-36,FT,Frame-tube,Table S3,36,143,28,56,Office,6,3.78,3.13
FT-37,FT,Frame-tube,Table S3,37,143,42,50,Office,6,3.64,3.25
FT-38,FT,Frame-tube,Table S3,38,145,39,52,Office,6,4.12,3.40
FT-39,FT,Frame-tube,Table S3,39,145,24,51,Office,6,3.30,2.53
FT-40,FT,Frame-tube,Table S3,40,146,41,41,Office,6,3.33,2.97
FT-41,FT,Frame-tube,Table S3,41,146,32,42,Office,6,3.96,3.60
FT-42,FT,Frame-tube,Table S3,42,146,47,52,Office,6,3.58,2.75
FT-43,FT,Frame-tube,Table S3,43,146,27,42,Office,6,3.57,3.19
FT-44,FT,Frame-tube,Table S3,44,147,29,44,Office,6,3.85,3.65
FT-45,FT,Frame-tube,Table S3,45,147,22,27,Office,6,3.63,3.27
FT-46,FT,Frame-tube,Table S3,46,148,19,32,Office,6,3.43,2.56
FT-47,FT,Frame-tube,Table S3,47,149,26,65,Office,6,3.92,2.91
FT-48,FT,Frame-tube,Table S3,48,149,20,30,Office,6,4.31,2.79
FT-49,FT,Frame-tube,Table S3,49,149,32,49,Office,6,4.23,3.18
FT-50,FT,Frame-tube,Table S3,50,150,31,56,Office,6,4.51,3.55
FT-51,FT,Frame-tube,Table S3,51,151,46,55,Office,6,4.12,3.69
FT-52,FT,Frame-tube,Table S3,52,152,40,54,Office,6,4.19,3.61
FT-53,FT,Frame-tube,Table S3,53,152,22,67,Office,6,4.71,3.24
FT-54,FT,Frame-tube,Table S3,54,154,23,48,Office,6,3.23,2.49
FT-55,FT,Frame-tube,Table S3,55,159,44,49,Office,6,3.67,3.16
FT-56,FT,Frame-tube,Table S3,56,160,21,70,Office,6,3.79,2.46
FT-57,FT,Frame-tube,Table S3,57,161,26,31,Office,6,4.14,3.65
FT-58,FT,Frame-tube,Table S3,58,162,28,37,Office,6,4.54,3.77
FT-59,FT,Frame-tube,Table S3,59,162,38,55,Office,6,4.45,3.35
FT-60,FT,Frame-tube,Table S3,60,164,27,45,Office,6,4.32,3.10
FT-61,FT,Frame-tube,Table S3,61,166,39,50,Office,6,4.08,3.47
FT-62,FT,Frame-tube,Table S3,62,168,42,50,Office,6,4.56,3.97
FT-63,FT,Frame-tube,Table S3,63,168,36,53,Office,6,3.84,2.89
FT-64,FT,Frame-tube,Table S3,64,169,38,51,Office,6,4.15,3.16
FT-65,FT,Frame-tube,Table S3,65,169,42,42,Office,6,4.90,4.46
FT-66,FT,Frame-tube,Table S3,66,172,24,34,Office,6,4.22,3.14
FT-67,FT,Frame-tube,Table S3,67,172,20,32,Office,6,4.47,2.87
FT-68,FT,Frame-tube,Table S3,68,172,39,51,Office,6,3.98,3.03
FT-69,FT,Frame-tube,Table S3,69,173,37,51,Office,6,4.69,4.26
FT-70,FT,Frame-tube,Table S3,70,174,39,57,Office,6,3.98,3.44
FT-71,FT,Frame-tube,Table S3,71,174,37,55,Office,6,4.54,3.78
FT-72,FT,Frame-tube,Table S3,72,175,34,58,Office,6,3.88,3.22
FT-73,FT,Frame-tube,Table S3,73,175,27,52,Office,6,3.75,2.69
FT-74,FT,Frame-tube,Table S3,74,175,32,38,Office,6,4.45,4.13
FT-75,FT,Frame-tube,Table S3,75,176,27,55,Office,6,4.55,3.37
FT-76,FT,Frame-tube,Table S3,76,178,42,42,Office,6,4.31,4.31
FT-77,FT,Frame-tube,Table S3,77,178,29,30,Office,6,4.14,3.70
FT-78,FT,Frame-tube,Table S3,78,179,31,31,Office,6,4.30,4.05
FT-79,FT,Frame-tube,Table S3,79,179,31,34,Office,6,4.50,4.05
FT-80,FT,Frame-tube,Table S3,80,179,37,48,Office,6,4.04,3.81
FT-81,FT,Frame-tube,Table S3,81,181,29,43,Office,6,4.66,3.73
FT-82,FT,Frame-tube,Table S3,82,181,42,55,Office,6,4.69,3.93
FT-83,FT,Frame-tube,Table S3,83,182,30,58,Office,6,4.63,3.55
FT-84,FT,Frame-tube,Table S3,84,185,28,44,Office,6,4.63,3.63
FT-85,FT,Frame-tube,Table S3,85,186,38,56,Office,6,5.07,4.56
FT-86,FT,Frame-tube,Table S3,86,187,39,54,Office,6,4.87,4.09
FT-87,FT,Frame-tube,Table S3,87,189,44,53,Office,6,4.44,3.95
FT-88,FT,Frame-tube,Table S3,88,189,34,29,Office,6,4.66,4.59
FT-89,FT,Frame-tube,Table S3,89,190,42,53,Office,6,4.93,4.85
FT-90,FT,Frame-tube,Table S3,90,191,26,38,Office,6,4.20,3.37
FT-91,FT,Frame-tube,Table S3,91,192,36,50,Office,6,4.31,3.50
FT-92,FT,Frame-tube,Table S3,92,192,26,41,Office,6,4.83,3.43
FT-93,FT,Frame-tube,Table S3,93,193,25,54,Office,6,4.65,3.20
FT-94,FT,Frame-tube,Table S3,94,193,36,41,Office,6,4.62,4.31
FT-95,FT,Frame-tube,Table S3,95,194,29,35,Office,6,4.45,4.09
FT-96,FT,Frame-tube,Table S3,96,194,41,53,Office,6,5.29,4.34
FT-97,FT,Frame-tube,Table S3,97,195,35,36,Office,6,4.22,3.94
FT-98,FT,Frame-tube,Table S3,98,196,31,46,Office,6,5.42,4.19
FT-99,FT,Frame-tube,Table S3,99,196,41,52,Office,6,4.61,4.01
FT-100,FT,Frame-tube,Table S3,100,197,28,31,Office,6,4.67,3.87
FT-101,FT,Frame-tube,Table S3,101,198,39,42,Office,6,4.73,3.75
FT-102,FT,Frame-tube,Table S3,102,198,25,55,Office,6,4.72,3.60
FT-103,FT,Frame-tube,Table S3,103,198,33,36,Office,6,5.08,4.94
FT-104,FT,Frame-tube,Table S3,104,199,37,49,Office,6,4.53,4.01
FT-105,FT,Frame-tube,Table S3,105,199,38,50,Office,6,5.61,4.47
FT-106,FT,Frame-tube,Table S3,106,82,37,48,Office,7,1.83,1.71
FT-107,FT,Frame-tube,Table S3,107,84,42,47,Office,7,1.68,1.51
FT-108,FT,Frame-tube,Table S3,108,86,49,52,Office,7,1.68,1.54
FT-109,FT,Frame-tube,Table S3,109,88,53,60,Office,7,2.35,1.96
FT-110,FT,Frame-tube,Table S3,110,89,44,46,Office,7,1.60,1.24
FT-111,FT,Frame-tube,Table S3,111,95,45,61,Office,7,2.07,1.94
FT-112,FT,Frame-tube,Table S3,112,97,42,51,Office,7,2.36,2.03
FT-113,FT,Frame-tube,Table S3,113,98,26,45,Office,7,2.65,2.13
FT-114,FT,Frame-tube,Table S3,114,101,41,45,Office,7,2.78,2.14
FT-115,FT,Frame-tube,Table S3,115,103,28,36,Office,7,2.13,1.84
FT-116,FT,Frame-tube,Table S3,116,103,28,49,Office,7,2.91,2.70
FT-117,FT,Frame-tube,Table S3,117,104,32,49,Office,7,2.44,2.14
FT-118,FT,Frame-tube,Table S3,118,109,38,53,Office,7,2.51,2.32
FT-119,FT,Frame-tube,Table S3,119,110,25,46,Office,7,2.19,1.90
FT-120,FT,Frame-tube,Table S3,120,111,42,47,Office,7,2.44,2.39
FT-121,FT,Frame-tube,Table S3,121,113,18,38,Office,7,2.23,1.72
FT-122,FT,Frame-tube,Table S3,122,114,38,55,Office,7,2.58,2.51
FT-123,FT,Frame-tube,Table S3,123,115,23,44,Office,7,3.19,2.44
FT-124,FT,Frame-tube,Table S3,124,117,33,36,Office,7,2.46,2.25
FT-125,FT,Frame-tube,Table S3,125,121,45,52,Office,7,2.87,2.61
FT-126,FT,Frame-tube,Table S3,126,121,37,60,Office,7,2.58,2.00
FT-127,FT,Frame-tube,Table S3,127,122,44,46,Office,7,2.44,2.17
FT-128,FT,Frame-tube,Table S3,128,126,18,63,Office,7,2.90,2.21
FT-129,FT,Frame-tube,Table S3,129,128,37,51,Office,7,3.41,3.32
FT-130,FT,Frame-tube,Table S3,130,129,32,59,Office,7,3.43,3.41
FT-131,FT,Frame-tube,Table S3,131,129,48,48,Office,7,2.26,2.22
FT-132,FT,Frame-tube,Table S3,132,130,52,52,Office,7,3.38,2.88
FT-133,FT,Frame-tube,Table S3,133,130,35,56,Office,7,2.97,2.73
FT-134,FT,Frame-tube,Table S3,134,131,33,40,Office,7,3.11,2.60
FT-135,FT,Frame-tube,Table S3,135,132,21,29,Office,7,2.99,2.66
FT-136,FT,Frame-tube,Table S3,136,132,23,47,Office,7,3.37,2.50
FT-137,FT,Frame-tube,Table S3,137,133,20,56,Office,7,2.81,2.11
FT-138,FT,Frame-tube,Table S3,138,135,23,47,Office,7,2.90,2.20
FT-139,FT,Frame-tube,Table S3,139,137,27,31,Office,7,3.49,3.27
FT-140,FT,Frame-tube,Table S3,140,138,21,56,Office,7,3.88,2.17
FT-141,FT,Frame-tube,Table S3,141,139,21,56,Office,7,2.92,2.28
FT-142,FT,Frame-tube,Table S3,142,139,47,47,Office,7,3.72,3.44
FT-143,FT,Frame-tube,Table S3,143,140,37,53,Office,7,4.27,3.54
FT-144,FT,Frame-tube,Table S3,144,140,19,47,Office,7,3.06,2.26
FT-145,FT,Frame-tube,Table S3,145,140,29,45,Office,7,3.40,3.01
FT-146,FT,Frame-tube,Table S3,146,142,24,47,Office,7,3.65,3.39
FT-147,FT,Frame-tube,Table S3,147,142,42,57,Office,7,3.79,3.17
FT-148,FT,Frame-tube,Table S3,148,142,33,51,Office,7,3.58,2.40
FT-149,FT,Frame-tube,Table S3,149,142,44,46,Office,7,2.79,2.46
FT-150,FT,Frame-tube,Table S3,150,143,40,56,Office,7,3.02,2.44
FT-151,FT,Frame-tube,Table S3,151,143,27,41,Office,7,3.53,3.29
FT-152,FT,Frame-tube,Table S3,152,143,40,52,Office,7,3.32,3.20
FT-153,FT,Frame-tube,Table S3,153,144,38,57,Office,7,3.31,3.18
FT-154,FT,Frame-tube,Table S3,154,144,35,47,Office,7,3.87,2.92
FT-155,FT,Frame-tube,Table S3,155,145,26,52,Office,7,3.37,3.26
FT-156,FT,Frame-tube,Table S3,156,145,38,49,Office,7,3.36,2.87
FT-157,FT,Frame-tube,Table S3,157,146,30,41,Office,7,3.39,3.13
FT-158,FT,Frame-tube,Table S3,158,146,21,65,Office,7,3.87,2.62
FT-159,FT,Frame-tube,Table S3,159,146,38,50,Office,7,3.47,3.27
FT-160,FT,Frame-tube,Table S3,160,146,40,51,Office,7,3.08,2.83
FT-161,FT,Frame-tube,Table S3,161,146,35,46,Office,7,3.92,3.61
FT-162,FT,Frame-tube,Table S3,162,146,23,42,Office,7,3.52,2.77
FT-163,FT,Frame-tube,Table S3,163,147,37,39,Office,7,3.00,2.81
FT-164,FT,Frame-tube,Table S3,164,147,28,53,Office,7,3.21,2.63
FT-165,FT,Frame-tube,Table S3,165,147,37,48,Office,7,3.79,3.14
FT-166,FT,Frame-tube,Table S3,166,147,25,35,Office,7,4.14,3.21
FT-167,FT,Frame-tube,Table S3,167,148,20,39,Office,7,4.22,3.07
FT-168,FT,Frame-tube,Table S3,168,148,23,36,Office,7,3.09,2.61
FT-169,FT,Frame-tube,Table S3,169,149,36,53,Office,7,3.42,3.17
FT-170,FT,Frame-tube,Table S3,170,149,50,50,Office,7,4.08,4.04
FT-171,FT,Frame-tube,Table S3,171,149,29,69,Office,7,3.80,3.55
FT-172,FT,Frame-tube,Table S3,172,149,36,36,Office,7,2.64,2.54
FT-173,FT,Frame-tube,Table S3,173,149,26,51,Office,7,4.58,2.89
FT-174,FT,Frame-tube,Table S3,174,150,26,44,Office,7,4.43,3.64
FT-175,FT,Frame-tube,Table S3,175,150,39,49,Office,7,3.49,2.78
FT-176,FT,Frame-tube,Table S3,176,150,38,49,Office,7,3.04,2.92
FT-177,FT,Frame-tube,Table S3,177,150,27,46,Office,7,3.38,2.56
FT-178,FT,Frame-tube,Table S3,178,150,33,43,Office,7,4.04,3.94
FT-179,FT,Frame-tube,Table S3,179,150,23,43,Office,7,4.37,2.50
FT-180,FT,Frame-tube,Table S3,180,151,34,52,Office,7,3.62,3.31
FT-181,FT,Frame-tube,Table S3,181,152,22,35,Office,7,3.91,3.21
FT-182,FT,Frame-tube,Table S3,182,153,41,52,Office,7,3.43,3.04
FT-183,FT,Frame-tube,Table S3,183,153,30,44,Office,7,3.63,2.66
FT-184,FT,Frame-tube,Table S3,184,153,28,53,Office,7,3.41,2.77
FT-185,FT,Frame-tube,Table S3,185,153,28,45,Office,7,4.00,3.38
FT-186,FT,Frame-tube,Table S3,186,154,32,54,Office,7,3.29,3.17
FT-187,FT,Frame-tube,Table S3,187,154,38,50,Office,7,4.02,3.35
FT-188,FT,Frame-tube,Table S3,188,154,32,44,Office,7,3.75,2.73
FT-189,FT,Frame-tube,Table S3,189,154,28,32,Office,7,4.03,3.47
FT-190,FT,Frame-tube,Table S3,190,155,23,49,Office,7,4.43,3.00
FT-191,FT,Frame-tube,Table S3,191,157,25,26,Office,7,4.31,3.67
FT-192,FT,Frame-tube,Table S3,192,157,32,53,Office,7,4.52,3.13
FT-193,FT,Frame-tube,Table S3,193,157,39,54,Office,7,3.73,3.28
FT-194,FT,Frame-tube,Table S3,194,157,24,33,Office,7,4.31,3.44
FT-195,FT,Frame-tube,Table S3,195,158,21,26,Office,7,4.18,3.48
FT-196,FT,Frame-tube,Table S3,196,158,21,59,Office,7,3.63,2.70
FT-197,FT,Frame-tube,Table S3,197,158,29,48,Office,7,3.52,2.61
FT-198,FT,Frame-tube,Table S3,198,158,38,54,Office,7,3.25,3.08
FT-199,FT,Frame-tube,Table S3,199,159,39,42,Office,7,3.72,3.30
FT-200,FT,Frame-tube,Table S3,200,159,31,48,Office,7,4.32,3.88
FT-201,FT,Frame-tube,Table S3,201,160,43,43,Office,7,2.56,2.40
FT-202,FT,Frame-tube,Table S3,202,160,33,42,Office,7,4.59,4.32
FT-203,FT,Frame-tube,Table S3,203,161,27,51,Office,7,3.79,2.99
FT-204,FT,Frame-tube,Table S3,204,163,24,35,Office,7,4.38,3.44
FT-205,FT,Frame-tube,Table S3,205,163,30,60,Office,7,4.65,3.46
FT-206,FT,Frame-tube,Table S3,206,166,30,56,Office,7,4.08,3.38
FT-207,FT,Frame-tube,Table S3,207,167,28,45,Office,7,3.69,3.28
FT-208,FT,Frame-tube,Table S3,208,167,44,44,Office,7,3.79,3.59
FT-209,FT,Frame-tube,Table S3,209,167,30,44,Office,7,4.00,3.10
FT-210,FT,Frame-tube,Table S3,210,167,26,44,Office,7,4.33,3.31
FT-211,FT,Frame-tube,Table S3,211,168,45,54,Office,7,3.88,3.26
FT-212,FT,Frame-tube,Table S3,212,168,26,45,Office,7,3.99,2.82
FT-213,FT,Frame-tube,Table S3,213,168,18,43,Office,7,3.84,2.73
FT-214,FT,Frame-tube,Table S3,214,170,35,52,Office,7,4.34,4.08
FT-215,FT,Frame-tube,Table S3,215,171,36,47,Office,7,4.76,4.29
FT-216,FT,Frame-tube,Table S3,216,171,37,49,Office,7,3.96,3.54
FT-217,FT,Frame-tube,Table S3,217,171,39,47,Office,7,4.63,3.88
FT-218,FT,Frame-tube,Table S3,218,171,38,52,Office,7,4.90,3.22
FT-219,FT,Frame-tube,Table S3,219,171,30,32,Office,7,4.58,3.60
FT-220,FT,Frame-tube,Table S3,220,172,24,51,Office,7,4.25,3.18
FT-221,FT,Frame-tube,Table S3,221,172,42,43,Office,7,4.02,3.83
FT-222,FT,Frame-tube,Table S3,222,173,21,66,Office,7,4.38,3.11
FT-223,FT,Frame-tube,Table S3,223,173,28,38,Office,7,4.91,4.38
FT-224,FT,Frame-tube,Table S3,224,173,24,45,Office,7,4.12,3.16
FT-225,FT,Frame-tube,Table S3,225,174,32,59,Office,7,5.00,4.46
FT-226,FT,Frame-tube,Table S3,226,174,36,51,Office,7,4.68,4.43
FT-227,FT,Frame-tube,Table S3,227,175,43,53,Office,7,4.46,4.00
FT-228,FT,Frame-tube,Table S3,228,176,37,50,Office,7,4.35,3.50
FT-229,FT,Frame-tube,Table S3,229,176,38,56,Office,7,4.80,4.14
FT-230,FT,Frame-tube,Table S3,230,176,38,54,Office,7,4.07,3.60
FT-231,FT,Frame-tube,Table S3,231,177,26,46,Office,7,4.59,3.39
FT-232,FT,Frame-tube,Table S3,232,178,22,54,Office,7,3.07,2.48
FT-233,FT,Frame-tube,Table S3,233,178,23,65,Office,7,4.84,3.02
FT-234,FT,Frame-tube,Table S3,234,179,30,41,Office,7,4.35,3.48
FT-235,FT,Frame-tube,Table S3,235,180,27,38,Office,7,4.57,4.03
FT-236,FT,Frame-tube,Table S3,236,180,43,48,Office,7,4.38,3.75
FT-237,FT,Frame-tube,Table S3,237,180,36,42,Office,7,4.18,3.82
FT-238,FT,Frame-tube,Table S3,238,181,43,49,Office,7,4.36,4.06
FT-239,FT,Frame-tube,Table S3,239,181,34,45,Office,7,4.13,3.63
FT-240,FT,Frame-tube,Table S3,240,181,37,51,Office,7,4.65,3.55
FT-241,FT,Frame-tube,Table S3,241,182,40,46,Office,7,4.51,4.30
FT-242,FT,Frame-tube,Table S3,242,182,40,45,Office,7,4.41,4.02
FT-243,FT,Frame-tube,Table S3,243,182,47,49,Office,7,4.14,4.00
FT-244,FT,Frame-tube,Table S3,244,182,41,44,Office,7,4.43,4.37
FT-245,FT,Frame-tube,Table S3,245,183,29,44,Office,7,3.80,2.90
FT-246,FT,Frame-tube,Table S3,246,183,47,54,Office,7,4.67,3.95
FT-247,FT,Frame-tube,Table S3,247,183,27,49,Office,7,4.42,3.24
FT-248,FT,Frame-tube,Table S3,248,184,46,53,Office,7,4.33,3.79
FT-249,FT,Frame-tube,Table S3,249,185,26,59,Office,7,4.22,4.02
FT-250,FT,Frame-tube,Table S3,250,185,40,50,Office,7,4.44,4.06
FT-251,FT,Frame-tube,Table S3,251,187,45,47,Office,7,4.63,4.60
FT-252,FT,Frame-tube,Table S3,252,188,32,40,Office,7,4.13,3.68
FT-253,FT,Frame-tube,Table S3,253,189,38,51,Office,7,4.84,4.43
FT-254,FT,Frame-tube,Table S3,254,189,45,47,Office,7,4.26,4.12
FT-255,FT,Frame-tube,Table S3,255,189,26,41,Office,7,4.37,3.91
FT-256,FT,Frame-tube,Table S3,256,190,32,51,Office,7,4.43,3.30
FT-257,FT,Frame-tube,Table S3,257,190,38,47,Office,7,3.76,2.96
FT-258,FT,Frame-tube,Table S3,258,191,25,34,Office,7,5.47,4.29
FT-259,FT,Frame-tube,Table S3,259,191,40,40,Office,7,4.27,3.97
FT-260,FT,Frame-tube,Table S3,260,192,40,53,Office,7,4.72,4.38
FT-261,FT,Frame-tube,Table S3,261,192,38,56,Office,7,5.56,5.12
FT-262,FT,Frame-tube,Table S3,262,193,28,46,Office,7,5.94,3.80
FT-263,FT,Frame-tube,Table S3,263,194,34,42,Office,7,4.28,3.90
FT-264,FT,Frame-tube,Table S3,264,194,30,45,Office,7,4.15,3.82
FT-265,FT,Frame-tube,Table S3,265,194,21,60,Office,7,3.78,3.05
FT-266,FT,Frame-tube,Table S3,266,194,40,62,Office,7,5.24,4.94
FT-267,FT,Frame-tube,Table S3,267,195,30,55,Office,7,4.83,3.74
FT-268,FT,Frame-tube,Table S3,268,195,34,51,Office,7,4.13,3.03
FT-269,FT,Frame-tube,Table S3,269,196,39,55,Office,7,4.77,3.49
FT-270,FT,Frame-tube,Table S3,270,196,40,46,Office,7,4.78,4.62
FT-271,FT,Frame-tube,Table S3,271,196,30,49,Office,7,4.40,3.36
FT-272,FT,Frame-tube,Table S3,272,196,25,51,Office,7,4.66,3.13
FT-273,FT,Frame-tube,Table S3,273,198,40,49,Office,7,4.77,4.51
FT-274,FT,Frame-tube,Table S3,274,199,27,48,Office,7,4.69,3.79
FT-275,FT,Frame-tube,Table S3,275,199,27,48,Office,7,4.63,3.94
FT-276,FT,Frame-tube,Table S3,276,199,27,48,Office,7,4.96,4.28
FT-277,FT,Frame-tube,Table S3,277,200,30,39,Office,7,4.32,4.18
FT-278,FT,Frame-tube,Table S3,278,200,45,51,Office,7,5.92,5.02
FT-279,FT,Frame-tube,Table S3,279,86,41,45,Office,8,1.68,1.51
FT-280,FT,Frame-tube,Table S3,280,86,27,33,Office,8,1.68,1.46
FT-281,FT,Frame-tube,Table S3,281,87,31,38,Office,8,1.61,1.29
FT-282,FT,Frame-tube,Table S3,282,88,25,39,Office,8,1.74,1.45
FT-283,FT,Frame-tube,Table S3,283,92,28,44,Office,8,1.79,1.40
FT-284,FT,Frame-tube,Table S3,284,92,36,41,Office,8,2.11,1.98
FT-285,FT,Frame-tube,Table S3,285,93,38,42,Office,8,1.74,1.51
FT-286,FT,Frame-tube,Table S3,286,94,47,41,Office,8,1.71,1.58
FT-287,FT,Frame-tube,Table S3,287,94,37,41,Office,8,1.85,1.76
FT-288,FT,Frame-tube,Table S3,288,95,42,42,Office,8,1.83,1.65
FT-289,FT,Frame-tube,Table S3,289,100,42,49,Office,8,2.55,2.32
FT-290,FT,Frame-tube,Table S3,290,100,33,40,Office,8,1.92,1.67
FT-291,FT,Frame-tube,Table S3,291,102,25,47,Office,8,1.72,1.40
FT-292,FT,Frame-tube,Table S3,292,102,31,33,Office,8,1.77,1.60
FT-293,FT,Frame-tube,Table S3,293,102,40,47,Office,8,1.81,1.78
FT-294,FT,Frame-tube,Table S3,294,105,39,38,Office,8,1.80,1.75
FT-295,FT,Frame-tube,Table S3,295,106,34,40,Office,8,2.13,2.09
FT-296,FT,Frame-tube,Table S3,296,106,38,38,Office,8,1.80,1.65
FT-297,FT,Frame-tube,Table S3,297,107,34,50,Office,8,1.89,1.89
FT-298,FT,Frame-tube,Table S3,298,107,37,46,Office,8,2.10,2.04
FT-299,FT,Frame-tube,Table S3,299,108,38,45,Office,8,1.84,1.65
FT-300,FT,Frame-tube,Table S3,300,110,35,35,Office,8,1.80,1.57
FT-301,FT,Frame-tube,Table S3,301,111,30,47,Office,8,2.28,1.92
FT-302,FT,Frame-tube,Table S3,302,112,40,56,Office,8,2.09,2.04
FT-303,FT,Frame-tube,Table S3,303,113,50,55,Office,8,1.93,1.87
FT-304,FT,Frame-tube,Table S3,304,114,32,43,Office,8,1.87,1.65
FT-305,FT,Frame-tube,Table S3,305,115,25,31,Office,8,2.37,1.99
FT-306,FT,Frame-tube,Table S3,306,116,30,44,Office,8,2.15,1.99
FT-307,FT,Frame-tube,Table S3,307,116,28,57,Office,8,2.06,1.93
FT-308,FT,Frame-tube,Table S3,308,118,48,57,Office,8,2.46,2.13
FT-309,FT,Frame-tube,Table S3,309,121,33,38,Office,8,2.71,2.21
FT-310,FT,Frame-tube,Table S3,310,128,27,40,Office,8,2.30,1.88
FT-311,FT,Frame-tube,Table S3,311,129,46,47,Office,8,2.22,2.18
FT-312,FT,Frame-tube,Table S3,312,136,28,41,Office,8,2.31,2.10
FT-313,FT,Frame-tube,Table S3,313,136,43,43,Office,8,2.36,2.09
FT-314,FT,Frame-tube,Table S3,314,136,26,35,Office,8,2.64,2.24
FT-315,FT,Frame-tube,Table S3,315,144,32,39,Office,8,3.32,2.60
FT-316,FT,Frame-tube,Table S3,316,146,23,62,Office,8,3.67,2.96
FT-317,FT,Frame-tube,Table S3,317,147,30,36,Office,8,2.92,2.58
FT-318,FT,Frame-tube,Table S3,318,147,29,43,Office,8,3.01,2.56
FT-319,FT,Frame-tube,Table S3,319,148,29,41,Office,8,2.80,2.46
FT-320,FT,Frame-tube,Table S3,320,150,39,48,Office,8,2.82,2.70
FT-321,FT,Frame-tube,Table S3,321,153,43,61,Office,8,2.99,2.78
FT-322,FT,Frame-tube,Table S3,322,155,32,38,Office,8,2.76,2.40
FT-323,FT,Frame-tube,Table S3,323,157,37,56,Office,8,3.06,3.04
FT-324,FT,Frame-tube,Table S3,324,158,38,46,Office,8,3.03,2.84
FT-325,FT,Frame-tube,Table S3,325,158,29,47,Office,8,2.92,2.83
FT-326,FT,Frame-tube,Table S3,326,161,31,38,Office,8,2.78,2.58
FT-327,FT,Frame-tube,Table S3,327,161,24,57,Office,8,3.49,2.90
FT-328,FT,Frame-tube,Table S3,328,167,36,46,Office,8,3.13,2.66
FT-329,FT,Frame-tube,Table S3,329,173,41,58,Office,8,3.49,3.16
FT-330,FT,Frame-tube,Table S3,330,181,30,36,Office,8,3.12,2.92
FT-331,FT,Frame-tube,Table S3,331,189,41,44,Office,8,3.23,3.05
FT-332,FT,Frame-tube,Table S3,332,198,46,47,Office,8,3.55,3.02
FT-333,FT,Frame-tube,Table S3,333,199,37,37,Office,8,3.60,3.31
FT-334,FT,Frame-tube,Table S3,334,199,45,45,Office,8,3.34,3.12
